{
"skeleton": { "hash": "/H33Wa/wfUc", "spine": "4.0.45", "x": -53.83, "y": 0.49, "width": 222.42, "height": 341 },
"bones": [
	{ "name": "root" },
	{ "name": "light_circle1", "parent": "root", "x": 137.7, "y": 194.99, "scaleX": 0.837, "scaleY": 0.837 },
	{ "name": "light_circle2", "parent": "root", "x": 105.6, "y": 179.73, "scaleX": 1.1736, "scaleY": 1.1736 },
	{ "name": "light_circle3", "parent": "root", "x": 131.06, "y": 166.55, "scaleX": 1.0091, "scaleY": 1.0091 },
	{ "name": "bone", "parent": "root", "x": 77.56, "y": 168.73 },
	{ "name": "light_circle_back", "parent": "root", "x": 119.23, "y": 181.44, "scaleX": 1.0023, "scaleY": 1.0023 },
	{ "name": "bone2", "parent": "root", "x": 151.36, "y": 199.78 },
	{ "name": "bone3", "parent": "root", "x": 158.11, "y": 166.48 }
],
"slots": [
	{ "name": "light", "bone": "root", "attachment": "light" },
	{ "name": "light_circle_back", "bone": "light_circle_back", "color": "ffffff47", "attachment": "light_circle", "blend": "screen" },
	{ "name": "Street Lamp", "bone": "root", "attachment": "Street Lamp" },
	{ "name": "Hanging Lamp", "bone": "root", "attachment": "Hanging Lamp" },
	{ "name": "light_circle", "bone": "light_circle1", "color": "ffffff47", "attachment": "light_circle", "blend": "screen" },
	{ "name": "light_circle3", "bone": "light_circle3", "color": "ffffff47", "attachment": "light_circle", "blend": "screen" },
	{ "name": "light_circle2", "bone": "light_circle2", "color": "ffffff47", "attachment": "light_circle", "blend": "screen" },
	{ "name": "particle", "bone": "bone", "attachment": "particle" },
	{ "name": "particle2", "bone": "bone2", "attachment": "particle" },
	{ "name": "particle3", "bone": "bone3", "attachment": "particle" }
],
"skins": [
	{
		"name": "default",
		"attachments": {
			"Hanging Lamp": {
				"Hanging Lamp": { "x": 84.3, "y": 238.39, "width": 138, "height": 182 }
			},
			"light": {
				"light": { "x": 114.67, "y": 188.99, "width": 59, "height": 59 }
			},
			"light_circle": {
				"light_circle": { "x": -1.84, "y": 3.65, "width": 76, "height": 76 }
			},
			"light_circle2": {
				"light_circle": { "x": -1.84, "y": 3.65, "width": 76, "height": 76 }
			},
			"light_circle3": {
				"light_circle": { "x": -1.84, "y": 3.65, "width": 76, "height": 76 }
			},
			"light_circle_back": {
				"light_circle": { "x": -1.84, "y": 3.65, "scaleX": 1.3443, "scaleY": 1.3443, "width": 76, "height": 76 }
			},
			"particle": {
				"particle": { "x": -0.55, "y": -0.36, "width": 7, "height": 7 }
			},
			"particle2": {
				"particle": { "x": -0.55, "y": -0.36, "width": 7, "height": 7 }
			},
			"particle3": {
				"particle": { "x": -0.55, "y": -0.36, "width": 7, "height": 7 }
			},
			"Street Lamp": {
				"Street Lamp": { "x": 49.67, "y": 170.99, "width": 207, "height": 341 }
			}
		}
	}
],
"animations": {
	"hanginglamp_off": {
		"slots": {
			"Hanging Lamp": {
				"attachment": [
					{ "name": "Hanging Lamp" },
					{ "time": 0.0333, "name": "Hanging Lamp" }
				]
			},
			"light": {
				"attachment": [
					{ "name": null },
					{ "time": 0.0333, "name": null }
				]
			},
			"light_circle": {
				"rgba": [
					{ "color": "ffffff00" }
				]
			},
			"light_circle2": {
				"rgba": [
					{ "color": "ffffff00", "curve": "stepped" },
					{ "time": 0.0333, "color": "ffffff00" }
				]
			},
			"light_circle3": {
				"rgba": [
					{ "color": "ffffff00", "curve": "stepped" },
					{ "time": 0.0333, "color": "ffffff00" }
				]
			},
			"light_circle_back": {
				"rgba": [
					{ "color": "ffffff00", "curve": "stepped" },
					{ "time": 0.0333, "color": "ffffff00" }
				]
			},
			"particle": {
				"rgba": [
					{ "color": "ffffff00" }
				]
			},
			"particle2": {
				"rgba": [
					{ "color": "ffffff00" }
				]
			},
			"particle3": {
				"rgba": [
					{ "color": "ffffff00" }
				]
			},
			"Street Lamp": {
				"attachment": [
					{ "name": null },
					{ "time": 0.0333, "name": null }
				]
			}
		},
		"bones": {
			"light_circle1": {
				"translate": [
					{ "x": 3.73, "y": 2.13 }
				],
				"scale": [
					{ "x": 1.019, "y": 1.019 }
				]
			},
			"light_circle2": {
				"translate": [
					{ "x": -1.96, "curve": "stepped" },
					{ "time": 0.0333, "x": -1.96 }
				],
				"scale": [
					{ "x": 0.9, "y": 0.9, "curve": "stepped" },
					{ "time": 0.0333, "x": 0.9, "y": 0.9 }
				]
			},
			"light_circle3": {
				"translate": [
					{ "curve": "stepped" },
					{ "time": 0.0333 }
				],
				"scale": [
					{ "x": 0.769, "y": 0.769, "curve": "stepped" },
					{ "time": 0.0333, "x": 0.769, "y": 0.769 }
				]
			},
			"light_circle_back": {
				"rotate": [
					{ "curve": "stepped" },
					{ "time": 0.0333 }
				],
				"translate": [
					{ "curve": "stepped" },
					{ "time": 0.0333 }
				],
				"scale": [
					{ "curve": "stepped" },
					{ "time": 0.0333 }
				],
				"shear": [
					{ "curve": "stepped" },
					{ "time": 0.0333 }
				]
			},
			"bone": {
				"rotate": [
					{}
				],
				"translate": [
					{}
				],
				"scale": [
					{ "x": 0.948, "y": 0.948 }
				],
				"shear": [
					{}
				]
			},
			"bone2": {
				"rotate": [
					{}
				],
				"translate": [
					{}
				],
				"scale": [
					{ "x": 0, "y": 0 }
				],
				"shear": [
					{}
				]
			},
			"bone3": {
				"rotate": [
					{}
				],
				"translate": [
					{}
				],
				"scale": [
					{ "x": 1.157, "y": 1.157 }
				],
				"shear": [
					{}
				]
			}
		}
	},
	"hanginglamp_on": {
		"slots": {
			"Hanging Lamp": {
				"attachment": [
					{ "name": "Hanging Lamp" },
					{ "time": 1.7333, "name": "Hanging Lamp" }
				]
			},
			"light": {
				"attachment": [
					{ "name": "light" },
					{ "time": 1.7333, "name": "light" }
				]
			},
			"light_circle": {
				"rgba": [
					{ "color": "ffffff47", "curve": "stepped" },
					{ "time": 0.1, "color": "ffffff47" },
					{ "time": 0.5, "color": "ffffff00", "curve": "stepped" },
					{ "time": 0.5667, "color": "ffffff00" },
					{ "time": 1, "color": "ffffff47", "curve": "stepped" },
					{ "time": 1.7333, "color": "ffffff47" }
				]
			},
			"light_circle2": {
				"rgba": [
					{ "color": "ffffff47", "curve": "stepped" },
					{ "time": 0.6667, "color": "ffffff47" },
					{ "time": 1.0667, "color": "ffffff00", "curve": "stepped" },
					{ "time": 1.1, "color": "ffffff00" },
					{ "time": 1.5667, "color": "ffffff47", "curve": "stepped" },
					{ "time": 1.7333, "color": "ffffff47" }
				]
			},
			"light_circle3": {
				"rgba": [
					{ "color": "ffffff00" },
					{ "time": 0.4333, "color": "ffffff47", "curve": "stepped" },
					{ "time": 1.2667, "color": "ffffff47" },
					{ "time": 1.6667, "color": "ffffff00", "curve": "stepped" },
					{ "time": 1.7333, "color": "ffffff00" }
				]
			},
			"particle": {
				"rgba": [
					{ "color": "ffffff00", "curve": "stepped" },
					{ "time": 0.4, "color": "ffffff00" },
					{ "time": 0.4667, "color": "ffffffff", "curve": "stepped" },
					{ "time": 1.1333, "color": "ffffffff" },
					{ "time": 1.5333, "color": "ffffff00", "curve": "stepped" },
					{ "time": 1.7333, "color": "ffffff00" }
				]
			},
			"particle2": {
				"rgba": [
					{ "color": "ffffff00" },
					{ "time": 0.0667, "color": "ffffffff", "curve": "stepped" },
					{ "time": 0.7333, "color": "ffffffff" },
					{ "time": 1.1333, "color": "ffffff00", "curve": "stepped" },
					{ "time": 1.7333, "color": "ffffff00" }
				]
			},
			"particle3": {
				"rgba": [
					{ "color": "ffffffff", "curve": "stepped" },
					{ "time": 0.0333, "color": "ffffffff" },
					{ "time": 0.4333, "color": "ffffff00", "curve": "stepped" },
					{ "time": 1.0333, "color": "ffffff00" },
					{ "time": 1.1, "color": "ffffffff", "curve": "stepped" },
					{ "time": 1.7333, "color": "ffffffff" }
				]
			},
			"Street Lamp": {
				"attachment": [
					{ "name": null },
					{ "time": 1.7333, "name": null }
				]
			}
		},
		"bones": {
			"light_circle1": {
				"translate": [
					{ "x": 3.73, "y": 2.13 },
					{ "time": 0.5, "x": 5.33, "y": 3.05, "curve": "stepped" },
					{ "time": 0.5667 },
					{ "time": 1.7333, "x": 3.73, "y": 2.13 }
				],
				"scale": [
					{ "x": 1.019, "y": 1.019 },
					{ "time": 0.5, "x": 1.126, "y": 1.126, "curve": "stepped" },
					{ "time": 0.5667, "x": 0.769, "y": 0.769 },
					{ "time": 1.7333, "x": 1.019, "y": 1.019 }
				]
			},
			"light_circle2": {
				"translate": [
					{ "x": -1.96 },
					{ "time": 1.0667, "x": -5.33, "curve": "stepped" },
					{ "time": 1.1 },
					{ "time": 1.7333, "x": -1.96 }
				],
				"scale": [
					{ "x": 0.9, "y": 0.9 },
					{ "time": 1.0667, "x": 1.126, "y": 1.126, "curve": "stepped" },
					{ "time": 1.1, "x": 0.769, "y": 0.769 },
					{ "time": 1.7333, "x": 0.9, "y": 0.9 }
				]
			},
			"light_circle3": {
				"translate": [
					{},
					{ "time": 1.6667, "x": 2.29, "y": -6.1, "curve": "stepped" },
					{ "time": 1.7333 }
				],
				"scale": [
					{ "x": 0.769, "y": 0.769 },
					{ "time": 1.6667, "x": 1.126, "y": 1.126, "curve": "stepped" },
					{ "time": 1.7333, "x": 0.769, "y": 0.769 }
				]
			},
			"light_circle_back": {
				"rotate": [
					{ "curve": "stepped" },
					{ "time": 0.8667, "curve": "stepped" },
					{ "time": 1.7333 }
				],
				"translate": [
					{ "curve": "stepped" },
					{ "time": 1.7333 }
				],
				"scale": [
					{
						"curve": [ 0.144, 1, 0.289, 0.964, 0.144, 1, 0.289, 0.965 ]
					},
					{
						"time": 0.4333,
						"x": 0.964,
						"y": 0.965,
						"curve": [ 0.578, 0.964, 0.722, 1, 0.578, 0.965, 0.722, 1 ]
					},
					{
						"time": 0.8667,
						"curve": [ 1.022, 1, 1.178, 0.964, 1.022, 1, 1.178, 0.965 ]
					},
					{
						"time": 1.3333,
						"x": 0.964,
						"y": 0.965,
						"curve": [ 1.467, 0.964, 1.6, 1, 1.467, 0.965, 1.6, 1 ]
					},
					{ "time": 1.7333 }
				],
				"shear": [
					{ "curve": "stepped" },
					{ "time": 0.8667, "curve": "stepped" },
					{ "time": 1.7333 }
				]
			},
			"bone": {
				"rotate": [
					{ "curve": "stepped" },
					{ "time": 0.4, "curve": "stepped" },
					{ "time": 1.7333 }
				],
				"translate": [
					{ "curve": "stepped" },
					{ "time": 0.4, "curve": "stepped" },
					{ "time": 1.7333 }
				],
				"scale": [
					{ "x": 0.948, "y": 0.948 },
					{
						"time": 0.4,
						"x": 0,
						"y": 0,
						"curve": [ 0.507, 0.056, 1.134, 1.088, 0.507, 0.056, 1.134, 1.088 ]
					},
					{ "time": 1.5333, "x": 1.423, "y": 1.423 },
					{ "time": 1.7333, "x": 0.948, "y": 0.948 }
				],
				"shear": [
					{ "curve": "stepped" },
					{ "time": 0.4, "curve": "stepped" },
					{ "time": 1.7333 }
				]
			},
			"bone2": {
				"rotate": [
					{ "curve": "stepped" },
					{ "time": 1.7333 }
				],
				"translate": [
					{ "curve": "stepped" },
					{ "time": 1.7333 }
				],
				"scale": [
					{
						"x": 0,
						"y": 0,
						"curve": [ 0.099, 0.576, 0.863, 1.32, 0.099, 0.576, 0.863, 1.32 ]
					},
					{ "time": 1.1333, "x": 1.423, "y": 1.423 },
					{ "time": 1.7333, "x": 0, "y": 0 }
				],
				"shear": [
					{ "curve": "stepped" },
					{ "time": 1.7333 }
				]
			},
			"bone3": {
				"rotate": [
					{ "curve": "stepped" },
					{ "time": 1.0333, "curve": "stepped" },
					{ "time": 1.7333 }
				],
				"translate": [
					{ "curve": "stepped" },
					{ "time": 1.0333, "curve": "stepped" },
					{ "time": 1.7333 }
				],
				"scale": [
					{
						"x": 1.157,
						"y": 1.157,
						"curve": [ 0.173, 1.32, 0.334, 1.429, 0.173, 1.32, 0.334, 1.429 ]
					},
					{ "time": 0.4333, "x": 1.423, "y": 1.423 },
					{
						"time": 1.0333,
						"x": 0,
						"y": 0,
						"curve": [ 1.09, 0.381, 1.428, 0.863, 1.09, 0.381, 1.428, 0.863 ]
					},
					{ "time": 1.7333, "x": 1.157, "y": 1.157 }
				],
				"shear": [
					{ "curve": "stepped" },
					{ "time": 1.0333, "curve": "stepped" },
					{ "time": 1.7333 }
				]
			}
		}
	},
	"streetlamp_off": {
		"slots": {
			"Hanging Lamp": {
				"attachment": [
					{ "name": null },
					{ "time": 0.0333, "name": null }
				]
			},
			"light": {
				"attachment": [
					{ "name": null },
					{ "time": 0.0333, "name": null }
				]
			},
			"light_circle": {
				"rgba": [
					{ "color": "ffffff00", "curve": "stepped" },
					{ "time": 0.0333, "color": "ffffff00" }
				]
			},
			"light_circle2": {
				"rgba": [
					{ "color": "ffffff00", "curve": "stepped" },
					{ "time": 0.0333, "color": "ffffff00" }
				]
			},
			"light_circle3": {
				"rgba": [
					{ "color": "ffffff00", "curve": "stepped" },
					{ "time": 0.0333, "color": "ffffff00" }
				]
			},
			"light_circle_back": {
				"rgba": [
					{ "color": "ffffff00", "curve": "stepped" },
					{ "time": 0.0333, "color": "ffffff00" }
				]
			},
			"particle": {
				"rgba": [
					{ "color": "ffffff00", "curve": "stepped" },
					{ "time": 0.0333, "color": "ffffff00" }
				]
			},
			"particle2": {
				"rgba": [
					{ "color": "ffffff00", "curve": "stepped" },
					{ "time": 0.0333, "color": "ffffff00" }
				]
			},
			"particle3": {
				"rgba": [
					{ "color": "ffffff00", "curve": "stepped" },
					{ "time": 0.0333, "color": "ffffff00" }
				]
			}
		},
		"bones": {
			"light_circle1": {
				"translate": [
					{ "x": 3.73, "y": 2.13, "curve": "stepped" },
					{ "time": 0.0333, "x": 3.73, "y": 2.13 }
				],
				"scale": [
					{ "x": 1.019, "y": 1.019, "curve": "stepped" },
					{ "time": 0.0333, "x": 1.019, "y": 1.019 }
				]
			},
			"light_circle2": {
				"translate": [
					{ "x": -1.96, "curve": "stepped" },
					{ "time": 0.0333, "x": -1.96 }
				],
				"scale": [
					{ "x": 0.9, "y": 0.9, "curve": "stepped" },
					{ "time": 0.0333, "x": 0.9, "y": 0.9 }
				]
			},
			"light_circle3": {
				"translate": [
					{ "curve": "stepped" },
					{ "time": 0.0333 }
				],
				"scale": [
					{ "x": 0.769, "y": 0.769, "curve": "stepped" },
					{ "time": 0.0333, "x": 0.769, "y": 0.769 }
				]
			},
			"light_circle_back": {
				"rotate": [
					{ "curve": "stepped" },
					{ "time": 0.0333 }
				],
				"translate": [
					{ "curve": "stepped" },
					{ "time": 0.0333 }
				],
				"scale": [
					{ "curve": "stepped" },
					{ "time": 0.0333 }
				],
				"shear": [
					{ "curve": "stepped" },
					{ "time": 0.0333 }
				]
			},
			"bone": {
				"rotate": [
					{ "curve": "stepped" },
					{ "time": 0.0333 }
				],
				"translate": [
					{ "curve": "stepped" },
					{ "time": 0.0333 }
				],
				"scale": [
					{ "x": 0.948, "y": 0.948, "curve": "stepped" },
					{ "time": 0.0333, "x": 0.948, "y": 0.948 }
				],
				"shear": [
					{ "curve": "stepped" },
					{ "time": 0.0333 }
				]
			},
			"bone2": {
				"rotate": [
					{ "curve": "stepped" },
					{ "time": 0.0333 }
				],
				"translate": [
					{ "curve": "stepped" },
					{ "time": 0.0333 }
				],
				"scale": [
					{ "x": 0, "y": 0, "curve": "stepped" },
					{ "time": 0.0333, "x": 0, "y": 0 }
				],
				"shear": [
					{ "curve": "stepped" },
					{ "time": 0.0333 }
				]
			}
		}
	},
	"streetlamp_on": {
		"slots": {
			"Hanging Lamp": {
				"attachment": [
					{ "name": null },
					{ "time": 1.7333, "name": null }
				]
			},
			"light": {
				"attachment": [
					{ "name": "light" },
					{ "time": 1.7333, "name": "light" }
				]
			},
			"light_circle": {
				"rgba": [
					{ "color": "ffffff47", "curve": "stepped" },
					{ "time": 0.1, "color": "ffffff47" },
					{ "time": 0.5, "color": "ffffff00", "curve": "stepped" },
					{ "time": 0.5667, "color": "ffffff00" },
					{ "time": 1, "color": "ffffff47", "curve": "stepped" },
					{ "time": 1.7333, "color": "ffffff47" }
				]
			},
			"light_circle2": {
				"rgba": [
					{ "color": "ffffff47", "curve": "stepped" },
					{ "time": 0.6667, "color": "ffffff47" },
					{ "time": 1.0667, "color": "ffffff00", "curve": "stepped" },
					{ "time": 1.1, "color": "ffffff00" },
					{ "time": 1.5667, "color": "ffffff47", "curve": "stepped" },
					{ "time": 1.7333, "color": "ffffff47" }
				]
			},
			"light_circle3": {
				"rgba": [
					{ "color": "ffffff00" },
					{ "time": 0.4333, "color": "ffffff47", "curve": "stepped" },
					{ "time": 1.2667, "color": "ffffff47" },
					{ "time": 1.6667, "color": "ffffff00", "curve": "stepped" },
					{ "time": 1.7333, "color": "ffffff00" }
				]
			},
			"particle": {
				"rgba": [
					{ "color": "ffffff00", "curve": "stepped" },
					{ "time": 0.4, "color": "ffffff00" },
					{ "time": 0.4667, "color": "ffffffff", "curve": "stepped" },
					{ "time": 1.1333, "color": "ffffffff" },
					{ "time": 1.5333, "color": "ffffff00", "curve": "stepped" },
					{ "time": 1.7333, "color": "ffffff00" }
				]
			},
			"particle2": {
				"rgba": [
					{ "color": "ffffff00" },
					{ "time": 0.0667, "color": "ffffffff", "curve": "stepped" },
					{ "time": 0.7333, "color": "ffffffff" },
					{ "time": 1.1333, "color": "ffffff00", "curve": "stepped" },
					{ "time": 1.7333, "color": "ffffff00" }
				]
			},
			"particle3": {
				"rgba": [
					{ "color": "ffffffff", "curve": "stepped" },
					{ "time": 0.0333, "color": "ffffffff" },
					{ "time": 0.4333, "color": "ffffff00", "curve": "stepped" },
					{ "time": 1.0333, "color": "ffffff00" },
					{ "time": 1.1, "color": "ffffffff", "curve": "stepped" },
					{ "time": 1.7333, "color": "ffffffff" }
				]
			}
		},
		"bones": {
			"light_circle1": {
				"translate": [
					{ "x": 3.73, "y": 2.13 },
					{ "time": 0.5, "x": 5.33, "y": 3.05, "curve": "stepped" },
					{ "time": 0.5667 },
					{ "time": 1.7333, "x": 3.73, "y": 2.13 }
				],
				"scale": [
					{ "x": 1.019, "y": 1.019 },
					{ "time": 0.5, "x": 1.126, "y": 1.126, "curve": "stepped" },
					{ "time": 0.5667, "x": 0.769, "y": 0.769 },
					{ "time": 1.7333, "x": 1.019, "y": 1.019 }
				]
			},
			"light_circle2": {
				"translate": [
					{ "x": -1.96 },
					{ "time": 1.0667, "x": -5.33, "curve": "stepped" },
					{ "time": 1.1 },
					{ "time": 1.7333, "x": -1.96 }
				],
				"scale": [
					{ "x": 0.9, "y": 0.9 },
					{ "time": 1.0667, "x": 1.126, "y": 1.126, "curve": "stepped" },
					{ "time": 1.1, "x": 0.769, "y": 0.769 },
					{ "time": 1.7333, "x": 0.9, "y": 0.9 }
				]
			},
			"light_circle3": {
				"translate": [
					{},
					{ "time": 1.6667, "x": 2.29, "y": -6.1, "curve": "stepped" },
					{ "time": 1.7333 }
				],
				"scale": [
					{ "x": 0.769, "y": 0.769 },
					{ "time": 1.6667, "x": 1.126, "y": 1.126, "curve": "stepped" },
					{ "time": 1.7333, "x": 0.769, "y": 0.769 }
				]
			},
			"light_circle_back": {
				"rotate": [
					{ "curve": "stepped" },
					{ "time": 0.8667, "curve": "stepped" },
					{ "time": 1.7333 }
				],
				"translate": [
					{ "curve": "stepped" },
					{ "time": 1.7333 }
				],
				"scale": [
					{
						"curve": [ 0.144, 1, 0.289, 0.964, 0.144, 1, 0.289, 0.965 ]
					},
					{
						"time": 0.4333,
						"x": 0.964,
						"y": 0.965,
						"curve": [ 0.578, 0.964, 0.722, 1, 0.578, 0.965, 0.722, 1 ]
					},
					{
						"time": 0.8667,
						"curve": [ 1.022, 1, 1.178, 0.964, 1.022, 1, 1.178, 0.965 ]
					},
					{
						"time": 1.3333,
						"x": 0.964,
						"y": 0.965,
						"curve": [ 1.467, 0.964, 1.6, 1, 1.467, 0.965, 1.6, 1 ]
					},
					{ "time": 1.7333 }
				],
				"shear": [
					{ "curve": "stepped" },
					{ "time": 0.8667, "curve": "stepped" },
					{ "time": 1.7333 }
				]
			},
			"bone": {
				"rotate": [
					{ "curve": "stepped" },
					{ "time": 0.4, "curve": "stepped" },
					{ "time": 1.7333 }
				],
				"translate": [
					{ "curve": "stepped" },
					{ "time": 0.4, "curve": "stepped" },
					{ "time": 1.7333 }
				],
				"scale": [
					{ "x": 0.948, "y": 0.948 },
					{
						"time": 0.4,
						"x": 0,
						"y": 0,
						"curve": [ 0.507, 0.056, 1.134, 1.088, 0.507, 0.056, 1.134, 1.088 ]
					},
					{ "time": 1.5333, "x": 1.423, "y": 1.423 },
					{ "time": 1.7333, "x": 0.948, "y": 0.948 }
				],
				"shear": [
					{ "curve": "stepped" },
					{ "time": 0.4, "curve": "stepped" },
					{ "time": 1.7333 }
				]
			},
			"bone2": {
				"rotate": [
					{ "curve": "stepped" },
					{ "time": 1.7333 }
				],
				"translate": [
					{ "curve": "stepped" },
					{ "time": 1.7333 }
				],
				"scale": [
					{
						"x": 0,
						"y": 0,
						"curve": [ 0.099, 0.576, 0.863, 1.32, 0.099, 0.576, 0.863, 1.32 ]
					},
					{ "time": 1.1333, "x": 1.423, "y": 1.423 },
					{ "time": 1.7333, "x": 0, "y": 0 }
				],
				"shear": [
					{ "curve": "stepped" },
					{ "time": 1.7333 }
				]
			},
			"bone3": {
				"rotate": [
					{ "curve": "stepped" },
					{ "time": 1.0333, "curve": "stepped" },
					{ "time": 1.7333 }
				],
				"translate": [
					{ "curve": "stepped" },
					{ "time": 1.0333, "curve": "stepped" },
					{ "time": 1.7333 }
				],
				"scale": [
					{
						"x": 1.157,
						"y": 1.157,
						"curve": [ 0.173, 1.32, 0.334, 1.429, 0.173, 1.32, 0.334, 1.429 ]
					},
					{ "time": 0.4333, "x": 1.423, "y": 1.423 },
					{
						"time": 1.0333,
						"x": 0,
						"y": 0,
						"curve": [ 1.09, 0.381, 1.428, 0.863, 1.09, 0.381, 1.428, 0.863 ]
					},
					{ "time": 1.7333, "x": 1.157, "y": 1.157 }
				],
				"shear": [
					{ "curve": "stepped" },
					{ "time": 1.0333, "curve": "stepped" },
					{ "time": 1.7333 }
				]
			}
		}
	}
}
}