{
"skeleton": { "hash": "SZ/X+diBwBo", "spine": "4.0.45", "x": -33.35, "y": -32, "width": 67.35, "height": 66 },
"bones": [
	{ "name": "root" },
	{ "name": "coin_side_round", "parent": "root" },
	{ "name": "coin_side", "parent": "root", "y": -61.86 },
	{ "name": "bone2", "parent": "root" }
],
"slots": [
	{ "name": "coin_side_round", "bone": "coin_side_round", "attachment": "coin_side_round_gold" },
	{ "name": "coin_side", "bone": "coin_side", "attachment": "coin_side_gold" },
	{ "name": "coin_face", "bone": "bone2", "attachment": "coin_front_gold" }
],
"skins": [
	{
		"name": "default",
		"attachments": {
			"coin_face": {
				"coin_front_bronze": { "x": 1, "y": 1, "width": 66, "height": 66 },
				"coin_front_gold": { "x": 1, "y": 1, "width": 66, "height": 66 },
				"coin_front_silver": { "x": 1, "y": 1, "width": 66, "height": 66 }
			},
			"coin_side": {
				"coin_side_bronze": { "x": 1, "y": 62.86, "width": 8, "height": 66 },
				"coin_side_gold": { "x": 1, "y": 62.86, "width": 8, "height": 66 },
				"coin_side_silver": { "x": 1, "y": 62.86, "width": 8, "height": 66 }
			},
			"coin_side_round": {
				"coin_side_round_bronze": { "x": -16.35, "y": 1, "width": 34, "height": 66 },
				"coin_side_round_gold": { "x": -16.35, "y": 1, "width": 34, "height": 66 },
				"coin_side_round_silver": { "x": -16.35, "y": 1, "width": 34, "height": 66 }
			}
		}
	}
],
"animations": {
	"coin_bronze": {
		"slots": {
			"coin_face": {
				"attachment": [
					{ "name": "coin_front_bronze" },
					{ "time": 0.2667, "name": "coin_front_bronze" },
					{ "time": 0.5333, "name": "coin_front_bronze" }
				]
			},
			"coin_side": {
				"attachment": [
					{ "name": "coin_side_bronze" }
				]
			},
			"coin_side_round": {
				"attachment": [
					{ "name": "coin_side_round_bronze" }
				]
			}
		},
		"bones": {
			"coin_side_round": {
				"rotate": [
					{ "curve": "stepped" },
					{ "time": 0.5333, "curve": "stepped" },
					{ "time": 1.0667 }
				],
				"translate": [
					{ "x": 2.2 },
					{ "time": 0.0333, "x": -2.66 },
					{ "time": 0.0667, "x": -3.88 },
					{ "time": 0.1, "x": -6.13 },
					{ "time": 0.1333, "x": -7.01 },
					{ "time": 0.2333, "x": -5.44 },
					{ "time": 0.3, "x": 4.99 },
					{ "time": 0.3333, "x": 6.2 },
					{ "time": 0.4, "x": 6.9 },
					{ "time": 0.4333, "x": 5.8 },
					{ "time": 0.4667, "x": 5.71 },
					{ "time": 0.5, "x": 4.61 },
					{ "time": 0.5333, "x": 2.2 },
					{ "time": 0.5667, "x": -2.66 },
					{ "time": 0.6, "x": -3.88 },
					{ "time": 0.6333, "x": -6.13 },
					{ "time": 0.6667, "x": -7.01 },
					{ "time": 0.7667, "x": -5.44 },
					{ "time": 0.8333, "x": 4.99 },
					{ "time": 0.8667, "x": 6.2 },
					{ "time": 0.9333, "x": 6.9 },
					{ "time": 0.9667, "x": 5.8 },
					{ "time": 1, "x": 5.71 },
					{ "time": 1.0333, "x": 4.61 },
					{ "time": 1.0667, "x": 2.2 }
				],
				"scale": [
					{},
					{ "time": 0.0333, "x": 0.88 },
					{ "time": 0.0667, "x": 0.885 },
					{ "time": 0.1, "x": 0.765 },
					{ "time": 0.1333, "x": 0.589 },
					{ "time": 0.2333, "x": 0.081 },
					{ "time": 0.3, "x": -0.098 },
					{ "time": 0.3333, "x": -0.26 },
					{ "time": 0.4, "x": -0.651 },
					{ "time": 0.4333, "x": -0.826 },
					{ "time": 0.4667, "x": -0.903 },
					{ "time": 0.5, "x": -0.887 },
					{ "time": 0.5333 },
					{ "time": 0.5667, "x": 0.88 },
					{ "time": 0.6, "x": 0.885 },
					{ "time": 0.6333, "x": 0.765 },
					{ "time": 0.6667, "x": 0.589 },
					{ "time": 0.7667, "x": 0.081 },
					{ "time": 0.8333, "x": -0.098 },
					{ "time": 0.8667, "x": -0.26 },
					{ "time": 0.9333, "x": -0.651 },
					{ "time": 0.9667, "x": -0.826 },
					{ "time": 1, "x": -0.903 },
					{ "time": 1.0333, "x": -0.887 },
					{ "time": 1.0667 }
				],
				"shear": [
					{ "curve": "stepped" },
					{ "time": 0.5333, "curve": "stepped" },
					{ "time": 1.0667 }
				]
			},
			"coin_side": {
				"translate": [
					{ "x": -1.57 },
					{ "time": 0.1333, "x": -6.49 },
					{ "time": 0.2, "x": -4.35 },
					{ "time": 0.2333, "x": -3.62 },
					{ "time": 0.3, "x": 1.68 },
					{ "time": 0.3333, "x": 2.92 },
					{ "time": 0.3667, "x": 3.54 },
					{ "time": 0.4, "x": 3.88 },
					{ "time": 0.5333, "x": -1.57 },
					{ "time": 0.6667, "x": -6.49 },
					{ "time": 0.7333, "x": -4.35 },
					{ "time": 0.7667, "x": -3.62 },
					{ "time": 0.8333, "x": 1.68 },
					{ "time": 0.8667, "x": 2.92 },
					{ "time": 0.9, "x": 3.54 },
					{ "time": 0.9333, "x": 3.88 },
					{ "time": 1.0667, "x": -1.57 }
				],
				"scale": [
					{ "x": 0.516 },
					{ "time": 0.1333, "x": 0.93 },
					{ "time": 0.2333, "x": 1.084 },
					{ "time": 0.2667, "x": 1.241 },
					{ "time": 0.3, "x": 1.029 },
					{ "time": 0.3667, "x": 0.952 },
					{ "time": 0.5333, "x": 0.516 },
					{ "time": 0.6667, "x": 0.93 },
					{ "time": 0.7667, "x": 1.084 },
					{ "time": 0.8, "x": 1.241 },
					{ "time": 0.8333, "x": 1.029 },
					{ "time": 0.9, "x": 0.952 },
					{ "time": 1.0667, "x": 0.516 }
				]
			},
			"bone2": {
				"rotate": [
					{ "curve": "stepped" },
					{ "time": 0.5333, "curve": "stepped" },
					{ "time": 0.8, "curve": "stepped" },
					{ "time": 1.0667 }
				],
				"translate": [
					{ "curve": "stepped" },
					{ "time": 0.5333, "curve": "stepped" },
					{ "time": 0.8, "curve": "stepped" },
					{ "time": 1.0667 }
				],
				"scale": [
					{
						"curve": [ 0.124, 1, 0.178, 0, 0.089, 1, 0.178, 1 ]
					},
					{
						"time": 0.2667,
						"x": 0,
						"curve": [ 0.356, 0, 0.395, 1, 0.356, 1, 0.444, 1 ]
					},
					{
						"time": 0.5333,
						"curve": [ 0.665, 1, 0.711, 0, 0.622, 1, 0.711, 1 ]
					},
					{
						"time": 0.8,
						"x": 0,
						"curve": [ 0.889, 0, 0.932, 1, 0.889, 1, 0.933, 1 ]
					},
					{ "time": 1.0667 }
				],
				"shear": [
					{ "curve": "stepped" },
					{ "time": 0.5333, "curve": "stepped" },
					{ "time": 0.8, "curve": "stepped" },
					{ "time": 1.0667 }
				]
			}
		}
	},
	"coin_gold": {
		"slots": {
			"coin_face": {
				"attachment": [
					{ "name": "coin_front_gold" }
				]
			}
		},
		"bones": {
			"coin_side_round": {
				"rotate": [
					{ "curve": "stepped" },
					{ "time": 0.5333, "curve": "stepped" },
					{ "time": 1.0667 }
				],
				"translate": [
					{ "x": 2.2 },
					{ "time": 0.0333, "x": -2.66 },
					{ "time": 0.0667, "x": -3.88 },
					{ "time": 0.1, "x": -6.13 },
					{ "time": 0.1333, "x": -7.01 },
					{ "time": 0.2333, "x": -5.44 },
					{ "time": 0.3, "x": 4.99 },
					{ "time": 0.3333, "x": 6.2 },
					{ "time": 0.4, "x": 6.9 },
					{ "time": 0.4333, "x": 5.8 },
					{ "time": 0.4667, "x": 5.71 },
					{ "time": 0.5, "x": 4.61 },
					{ "time": 0.5333, "x": 2.2 },
					{ "time": 0.5667, "x": -2.66 },
					{ "time": 0.6, "x": -3.88 },
					{ "time": 0.6333, "x": -6.13 },
					{ "time": 0.6667, "x": -7.01 },
					{ "time": 0.7667, "x": -5.44 },
					{ "time": 0.8333, "x": 4.99 },
					{ "time": 0.8667, "x": 6.2 },
					{ "time": 0.9333, "x": 6.9 },
					{ "time": 0.9667, "x": 5.8 },
					{ "time": 1, "x": 5.71 },
					{ "time": 1.0333, "x": 4.61 },
					{ "time": 1.0667, "x": 2.2 }
				],
				"scale": [
					{},
					{ "time": 0.0333, "x": 0.88 },
					{ "time": 0.0667, "x": 0.885 },
					{ "time": 0.1, "x": 0.765 },
					{ "time": 0.1333, "x": 0.589 },
					{ "time": 0.2333, "x": 0.081 },
					{ "time": 0.3, "x": -0.098 },
					{ "time": 0.3333, "x": -0.26 },
					{ "time": 0.4, "x": -0.651 },
					{ "time": 0.4333, "x": -0.826 },
					{ "time": 0.4667, "x": -0.903 },
					{ "time": 0.5, "x": -0.887 },
					{ "time": 0.5333 },
					{ "time": 0.5667, "x": 0.88 },
					{ "time": 0.6, "x": 0.885 },
					{ "time": 0.6333, "x": 0.765 },
					{ "time": 0.6667, "x": 0.589 },
					{ "time": 0.7667, "x": 0.081 },
					{ "time": 0.8333, "x": -0.098 },
					{ "time": 0.8667, "x": -0.26 },
					{ "time": 0.9333, "x": -0.651 },
					{ "time": 0.9667, "x": -0.826 },
					{ "time": 1, "x": -0.903 },
					{ "time": 1.0333, "x": -0.887 },
					{ "time": 1.0667 }
				],
				"shear": [
					{ "curve": "stepped" },
					{ "time": 0.5333, "curve": "stepped" },
					{ "time": 1.0667 }
				]
			},
			"coin_side": {
				"translate": [
					{ "x": -1.57 },
					{ "time": 0.1333, "x": -6.49 },
					{ "time": 0.2, "x": -4.35 },
					{ "time": 0.2333, "x": -3.62 },
					{ "time": 0.3, "x": 1.68 },
					{ "time": 0.3333, "x": 2.92 },
					{ "time": 0.3667, "x": 3.54 },
					{ "time": 0.4, "x": 3.88 },
					{ "time": 0.5333, "x": -1.57 },
					{ "time": 0.6667, "x": -6.49 },
					{ "time": 0.7333, "x": -4.35 },
					{ "time": 0.7667, "x": -3.62 },
					{ "time": 0.8333, "x": 1.68 },
					{ "time": 0.8667, "x": 2.92 },
					{ "time": 0.9, "x": 3.54 },
					{ "time": 0.9333, "x": 3.88 },
					{ "time": 1.0667, "x": -1.57 }
				],
				"scale": [
					{ "x": 0.516 },
					{ "time": 0.1333, "x": 0.93 },
					{ "time": 0.2333, "x": 1.084 },
					{ "time": 0.2667, "x": 1.241 },
					{ "time": 0.3, "x": 1.029 },
					{ "time": 0.3667, "x": 0.952 },
					{ "time": 0.5333, "x": 0.516 },
					{ "time": 0.6667, "x": 0.93 },
					{ "time": 0.7667, "x": 1.084 },
					{ "time": 0.8, "x": 1.241 },
					{ "time": 0.8333, "x": 1.029 },
					{ "time": 0.9, "x": 0.952 },
					{ "time": 1.0667, "x": 0.516 }
				]
			},
			"bone2": {
				"rotate": [
					{ "curve": "stepped" },
					{ "time": 0.5333, "curve": "stepped" },
					{ "time": 0.8, "curve": "stepped" },
					{ "time": 1.0667 }
				],
				"translate": [
					{ "curve": "stepped" },
					{ "time": 0.5333, "curve": "stepped" },
					{ "time": 0.8, "curve": "stepped" },
					{ "time": 1.0667 }
				],
				"scale": [
					{
						"curve": [ 0.124, 1, 0.178, 0, 0.089, 1, 0.178, 1 ]
					},
					{
						"time": 0.2667,
						"x": 0,
						"curve": [ 0.356, 0, 0.395, 1, 0.356, 1, 0.444, 1 ]
					},
					{
						"time": 0.5333,
						"curve": [ 0.665, 1, 0.711, 0, 0.622, 1, 0.711, 1 ]
					},
					{
						"time": 0.8,
						"x": 0,
						"curve": [ 0.889, 0, 0.932, 1, 0.889, 1, 0.933, 1 ]
					},
					{ "time": 1.0667 }
				],
				"shear": [
					{ "curve": "stepped" },
					{ "time": 0.5333, "curve": "stepped" },
					{ "time": 0.8, "curve": "stepped" },
					{ "time": 1.0667 }
				]
			}
		}
	},
	"coin_silver": {
		"slots": {
			"coin_face": {
				"attachment": [
					{ "name": "coin_front_silver" }
				]
			},
			"coin_side": {
				"attachment": [
					{ "name": "coin_side_silver" }
				]
			},
			"coin_side_round": {
				"attachment": [
					{ "name": "coin_side_round_silver" }
				]
			}
		},
		"bones": {
			"coin_side_round": {
				"rotate": [
					{ "curve": "stepped" },
					{ "time": 0.5333, "curve": "stepped" },
					{ "time": 1.0667 }
				],
				"translate": [
					{ "x": 2.2 },
					{ "time": 0.0333, "x": -2.66 },
					{ "time": 0.0667, "x": -3.88 },
					{ "time": 0.1, "x": -6.13 },
					{ "time": 0.1333, "x": -7.01 },
					{ "time": 0.2333, "x": -5.44 },
					{ "time": 0.3, "x": 4.99 },
					{ "time": 0.3333, "x": 6.2 },
					{ "time": 0.4, "x": 6.9 },
					{ "time": 0.4333, "x": 5.8 },
					{ "time": 0.4667, "x": 5.71 },
					{ "time": 0.5, "x": 4.61 },
					{ "time": 0.5333, "x": 2.2 },
					{ "time": 0.5667, "x": -2.66 },
					{ "time": 0.6, "x": -3.88 },
					{ "time": 0.6333, "x": -6.13 },
					{ "time": 0.6667, "x": -7.01 },
					{ "time": 0.7667, "x": -5.44 },
					{ "time": 0.8333, "x": 4.99 },
					{ "time": 0.8667, "x": 6.2 },
					{ "time": 0.9333, "x": 6.9 },
					{ "time": 0.9667, "x": 5.8 },
					{ "time": 1, "x": 5.71 },
					{ "time": 1.0333, "x": 4.61 },
					{ "time": 1.0667, "x": 2.2 }
				],
				"scale": [
					{},
					{ "time": 0.0333, "x": 0.88 },
					{ "time": 0.0667, "x": 0.885 },
					{ "time": 0.1, "x": 0.765 },
					{ "time": 0.1333, "x": 0.589 },
					{ "time": 0.2333, "x": 0.081 },
					{ "time": 0.3, "x": -0.098 },
					{ "time": 0.3333, "x": -0.26 },
					{ "time": 0.4, "x": -0.651 },
					{ "time": 0.4333, "x": -0.826 },
					{ "time": 0.4667, "x": -0.903 },
					{ "time": 0.5, "x": -0.887 },
					{ "time": 0.5333 },
					{ "time": 0.5667, "x": 0.88 },
					{ "time": 0.6, "x": 0.885 },
					{ "time": 0.6333, "x": 0.765 },
					{ "time": 0.6667, "x": 0.589 },
					{ "time": 0.7667, "x": 0.081 },
					{ "time": 0.8333, "x": -0.098 },
					{ "time": 0.8667, "x": -0.26 },
					{ "time": 0.9333, "x": -0.651 },
					{ "time": 0.9667, "x": -0.826 },
					{ "time": 1, "x": -0.903 },
					{ "time": 1.0333, "x": -0.887 },
					{ "time": 1.0667 }
				],
				"shear": [
					{ "curve": "stepped" },
					{ "time": 0.5333, "curve": "stepped" },
					{ "time": 1.0667 }
				]
			},
			"coin_side": {
				"translate": [
					{ "x": -1.57 },
					{ "time": 0.1333, "x": -6.49 },
					{ "time": 0.2, "x": -4.35 },
					{ "time": 0.2333, "x": -3.62 },
					{ "time": 0.3, "x": 1.68 },
					{ "time": 0.3333, "x": 2.92 },
					{ "time": 0.3667, "x": 3.54 },
					{ "time": 0.4, "x": 3.88 },
					{ "time": 0.5333, "x": -1.57 },
					{ "time": 0.6667, "x": -6.49 },
					{ "time": 0.7333, "x": -4.35 },
					{ "time": 0.7667, "x": -3.62 },
					{ "time": 0.8333, "x": 1.68 },
					{ "time": 0.8667, "x": 2.92 },
					{ "time": 0.9, "x": 3.54 },
					{ "time": 0.9333, "x": 3.88 },
					{ "time": 1.0667, "x": -1.57 }
				],
				"scale": [
					{ "x": 0.516 },
					{ "time": 0.1333, "x": 0.93 },
					{ "time": 0.2333, "x": 1.084 },
					{ "time": 0.2667, "x": 1.241 },
					{ "time": 0.3, "x": 1.029 },
					{ "time": 0.3667, "x": 0.952 },
					{ "time": 0.5333, "x": 0.516 },
					{ "time": 0.6667, "x": 0.93 },
					{ "time": 0.7667, "x": 1.084 },
					{ "time": 0.8, "x": 1.241 },
					{ "time": 0.8333, "x": 1.029 },
					{ "time": 0.9, "x": 0.952 },
					{ "time": 1.0667, "x": 0.516 }
				]
			},
			"bone2": {
				"rotate": [
					{ "curve": "stepped" },
					{ "time": 0.5333, "curve": "stepped" },
					{ "time": 0.8, "curve": "stepped" },
					{ "time": 1.0667 }
				],
				"translate": [
					{ "curve": "stepped" },
					{ "time": 0.5333, "curve": "stepped" },
					{ "time": 0.8, "curve": "stepped" },
					{ "time": 1.0667 }
				],
				"scale": [
					{
						"curve": [ 0.124, 1, 0.178, 0, 0.089, 1, 0.178, 1 ]
					},
					{
						"time": 0.2667,
						"x": 0,
						"curve": [ 0.356, 0, 0.395, 1, 0.356, 1, 0.444, 1 ]
					},
					{
						"time": 0.5333,
						"curve": [ 0.665, 1, 0.711, 0, 0.622, 1, 0.711, 1 ]
					},
					{
						"time": 0.8,
						"x": 0,
						"curve": [ 0.889, 0, 0.932, 1, 0.889, 1, 0.933, 1 ]
					},
					{ "time": 1.0667 }
				],
				"shear": [
					{ "curve": "stepped" },
					{ "time": 0.5333, "curve": "stepped" },
					{ "time": 0.8, "curve": "stepped" },
					{ "time": 1.0667 }
				]
			}
		}
	}
}
}