{
"skeleton": { "hash": "2a3n/5hKroY", "spine": "4.0.45", "x": -16.09, "y": -1.11, "width": 32, "height": 86.62 },
"bones": [
	{ "name": "root" },
	{ "name": "candle_root", "parent": "root", "scaleX": 0.8, "scaleY": 0.8 },
	{ "name": "flame_root", "parent": "candle_root", "x": 0.19, "y": 75.08 },
	{ "name": "flame", "parent": "flame_root", "length": 7.72, "rotation": 90, "x": -0.19, "y": 3.87 },
	{ "name": "flicker", "parent": "flame_root", "length": 6.18, "rotation": 91.79, "x": -0.19, "y": 19.31 },
	{ "name": "light_circle", "parent": "candle_root", "x": 0.41, "y": 88.41, "scaleX": 0.9317, "scaleY": 0.896 },
	{ "name": "light_circle2", "parent": "candle_root", "x": 0.41, "y": 88.41, "scaleX": 0.6984, "scaleY": 0.6717 }
],
"slots": [
	{ "name": "light_circle2", "bone": "light_circle", "color": "ffffff86", "attachment": "light_circle", "blend": "screen" },
	{ "name": "light_circle3", "bone": "light_circle2", "color": "ffffff86", "attachment": "light_circle", "blend": "screen" },
	{ "name": "candles", "bone": "candle_root", "attachment": "candle_large" },
	{ "name": "candle_flame", "bone": "flame", "attachment": "candle_flame" },
	{ "name": "candle_flame_flicker", "bone": "flicker", "attachment": "candle_flame_flicker" }
],
"skins": [
	{
		"name": "default",
		"attachments": {
			"candles": {
				"candle_large": { "x": -0.12, "y": 38.11, "width": 40, "height": 79 },
				"candle_medium": { "x": -0.12, "y": 27.27, "width": 42, "height": 56 },
				"candle_small": { "x": -0.12, "y": 20.23, "width": 40, "height": 42 }
			},
			"candle_flame": {
				"candle_flame": { "x": 6.16, "y": 0.09, "rotation": -90, "width": 12, "height": 25 }
			},
			"candle_flame_flicker": {
				"candle_flame_flicker": { "x": 1.22, "y": 0.05, "rotation": -91.79, "width": 6, "height": 16 }
			},
			"light_circle2": {
				"light_circle": { "x": -0.35, "y": 0.49, "scaleX": 0.7743, "scaleY": 0.7743, "width": 52, "height": 52 }
			},
			"light_circle3": {
				"light_circle": { "x": -0.35, "y": 0.49, "scaleX": 0.7743, "scaleY": 0.7743, "width": 52, "height": 52 }
			}
		}
	}
],
"animations": {
	"candle_large_lit": {
		"slots": {
			"candle_flame_flicker": {
				"rgba": [
					{ "color": "ffffffff", "curve": "stepped" },
					{ "time": 0.1333, "color": "ffffffff" },
					{ "time": 0.1667, "color": "ffffff00", "curve": "stepped" },
					{ "time": 0.5, "color": "ffffffff", "curve": "stepped" },
					{ "time": 0.6333, "color": "ffffffff" },
					{ "time": 0.6667, "color": "ffffff00", "curve": "stepped" },
					{ "time": 0.8, "color": "ffffffff" }
				]
			}
		},
		"bones": {
			"candle_root": {
				"rotate": [
					{ "curve": "stepped" },
					{ "time": 0.8 }
				],
				"translate": [
					{ "curve": "stepped" },
					{ "time": 0.8 }
				],
				"scale": [
					{ "curve": "stepped" },
					{ "time": 0.8 }
				],
				"shear": [
					{ "curve": "stepped" },
					{ "time": 0.8 }
				]
			},
			"flame_root": {
				"rotate": [
					{ "curve": "stepped" },
					{ "time": 0.7, "curve": "stepped" },
					{ "time": 0.8 }
				],
				"translate": [
					{ "curve": "stepped" },
					{ "time": 0.7, "curve": "stepped" },
					{ "time": 0.8 }
				],
				"scale": [
					{ "curve": "stepped" },
					{ "time": 0.7, "curve": "stepped" },
					{ "time": 0.8 }
				],
				"shear": [
					{ "curve": "stepped" },
					{ "time": 0.7, "curve": "stepped" },
					{ "time": 0.8 }
				]
			},
			"flame": {
				"rotate": [
					{ "curve": "stepped" },
					{ "time": 0.8 }
				],
				"translate": [
					{
						"curve": [ 0.044, 0, 0.089, 0, 0.044, 0, 0.089, 1.06 ]
					},
					{
						"time": 0.1333,
						"y": 1.06,
						"curve": [ 0.167, 0, 0.2, 0, 0.167, 1.06, 0.2, 0 ]
					},
					{
						"time": 0.2333,
						"curve": [ 0.267, 0, 0.3, 0, 0.267, 0, 0.3, 1.06 ]
					},
					{
						"time": 0.3333,
						"y": 1.06,
						"curve": [ 0.367, 0, 0.4, 0, 0.367, 1.06, 0.4, 0 ]
					},
					{
						"time": 0.4333,
						"curve": [ 0.467, 0, 0.5, 0, 0.467, 0, 0.5, 1.06 ]
					},
					{
						"time": 0.5333,
						"y": 1.06,
						"curve": [ 0.567, 0, 0.6, 0, 0.567, 1.06, 0.6, 0 ]
					},
					{
						"time": 0.6333,
						"curve": [ 0.667, 0, 0.7, 0, 0.667, 0, 0.7, 1.06 ]
					},
					{
						"time": 0.7333,
						"y": 1.06,
						"curve": [ 0.756, 0, 0.778, 0, 0.756, 1.06, 0.778, 0 ]
					},
					{ "time": 0.8 }
				],
				"scale": [
					{
						"x": 1.06,
						"y": 0.973,
						"curve": [ 0.011, 1.026, 0.1, 1.23, 0.011, 0.988, 0.1, 0.896 ]
					},
					{
						"time": 0.1333,
						"x": 1.23,
						"y": 0.896,
						"curve": [ 0.167, 1.23, 0.2, 1, 0.167, 0.896, 0.2, 1 ]
					},
					{
						"time": 0.2333,
						"curve": [ 0.267, 1, 0.3, 1.23, 0.267, 1, 0.3, 0.896 ]
					},
					{
						"time": 0.3333,
						"x": 1.23,
						"y": 0.896,
						"curve": [ 0.367, 1.23, 0.4, 1, 0.367, 0.896, 0.4, 1 ]
					},
					{
						"time": 0.4333,
						"curve": [ 0.467, 1, 0.5, 1.23, 0.467, 1, 0.5, 0.896 ]
					},
					{
						"time": 0.5333,
						"x": 1.23,
						"y": 0.896,
						"curve": [ 0.567, 1.23, 0.6, 1, 0.567, 0.896, 0.6, 1 ]
					},
					{
						"time": 0.6333,
						"curve": [ 0.667, 1, 0.7, 1.23, 0.667, 1, 0.7, 0.896 ]
					},
					{
						"time": 0.7333,
						"x": 1.23,
						"y": 0.896,
						"curve": [ 0.756, 1.23, 0.778, 1.128, 0.756, 0.896, 0.778, 0.942 ]
					},
					{ "time": 0.8, "x": 1.06, "y": 0.973 }
				],
				"shear": [
					{
						"curve": [ 0.004, 0, 0.056, 3.1, 0.004, 0, 0.056, 0 ]
					},
					{
						"time": 0.1333,
						"x": 3.1,
						"curve": [ 0.215, 3.1, 0.324, -2.8, 0.215, 0, 0.324, 0 ]
					},
					{
						"time": 0.4333,
						"x": -3.5,
						"curve": [ 0.567, -4.34, 0.636, 0, 0.567, 0, 0.636, 0 ]
					},
					{ "time": 0.7333, "curve": "stepped" },
					{ "time": 0.8 }
				]
			},
			"flicker": {
				"rotate": [
					{ "curve": "stepped" },
					{ "time": 0.5, "curve": "stepped" },
					{ "time": 0.8 }
				],
				"translate": [
					{ "y": -9.9 },
					{ "time": 0.1667, "x": -2.43, "y": 11.88, "curve": "stepped" },
					{ "time": 0.5, "y": -9.9 },
					{ "time": 0.6667, "x": 2.78, "y": 11.88, "curve": "stepped" },
					{ "time": 0.8, "y": -9.9 }
				],
				"scale": [
					{ "curve": "stepped" },
					{ "time": 0.5, "curve": "stepped" },
					{ "time": 0.8 }
				],
				"shear": [
					{ "curve": "stepped" },
					{ "time": 0.5, "curve": "stepped" },
					{ "time": 0.8 }
				]
			},
			"light_circle": {
				"rotate": [
					{ "curve": "stepped" },
					{ "time": 0.7, "curve": "stepped" },
					{ "time": 0.8 }
				],
				"translate": [
					{ "curve": "stepped" },
					{ "time": 0.7, "curve": "stepped" },
					{ "time": 0.8 }
				],
				"scale": [
					{
						"curve": [ 0.032, 1, 0.068, 0.957, 0.032, 1, 0.068, 0.957 ]
					},
					{
						"time": 0.1,
						"x": 0.957,
						"y": 0.957,
						"curve": [ 0.132, 0.957, 0.168, 1, 0.132, 0.957, 0.168, 1 ]
					},
					{
						"time": 0.2,
						"curve": [ 0.232, 1, 0.268, 0.957, 0.232, 1, 0.268, 0.957 ]
					},
					{
						"time": 0.3,
						"x": 0.957,
						"y": 0.957,
						"curve": [ 0.332, 0.957, 0.368, 1, 0.332, 0.957, 0.368, 1 ]
					},
					{
						"time": 0.4,
						"curve": [ 0.432, 1, 0.468, 0.957, 0.432, 1, 0.468, 0.957 ]
					},
					{
						"time": 0.5,
						"x": 0.957,
						"y": 0.957,
						"curve": [ 0.532, 0.957, 0.568, 1, 0.532, 0.957, 0.568, 1 ]
					},
					{
						"time": 0.6,
						"curve": [ 0.632, 1, 0.668, 0.957, 0.632, 1, 0.668, 0.957 ]
					},
					{ "time": 0.7, "x": 0.957, "y": 0.957 },
					{ "time": 0.8 }
				],
				"shear": [
					{ "curve": "stepped" },
					{ "time": 0.7, "curve": "stepped" },
					{ "time": 0.8 }
				]
			},
			"light_circle2": {
				"rotate": [
					{ "curve": "stepped" },
					{ "time": 0.8 }
				],
				"translate": [
					{ "curve": "stepped" },
					{ "time": 0.8 }
				],
				"scale": [
					{ "x": 0.96, "y": 0.96 },
					{
						"time": 0.0667,
						"curve": [ 0.099, 1, 0.135, 0.941, 0.099, 1, 0.135, 0.941 ]
					},
					{
						"time": 0.1667,
						"x": 0.941,
						"y": 0.941,
						"curve": [ 0.199, 0.941, 0.235, 1, 0.199, 0.941, 0.235, 1 ]
					},
					{
						"time": 0.2667,
						"curve": [ 0.299, 1, 0.335, 0.941, 0.299, 1, 0.335, 0.941 ]
					},
					{
						"time": 0.3667,
						"x": 0.941,
						"y": 0.941,
						"curve": [ 0.399, 0.941, 0.435, 1, 0.399, 0.941, 0.435, 1 ]
					},
					{
						"time": 0.4667,
						"curve": [ 0.499, 1, 0.535, 0.941, 0.499, 1, 0.535, 0.941 ]
					},
					{
						"time": 0.5667,
						"x": 0.941,
						"y": 0.941,
						"curve": [ 0.599, 0.941, 0.635, 1, 0.599, 0.941, 0.635, 1 ]
					},
					{
						"time": 0.6667,
						"curve": [ 0.699, 1, 0.735, 0.941, 0.699, 1, 0.735, 0.941 ]
					},
					{ "time": 0.7667, "x": 0.941, "y": 0.941 },
					{ "time": 0.8, "x": 0.96, "y": 0.96 }
				],
				"shear": [
					{ "curve": "stepped" },
					{ "time": 0.8 }
				]
			}
		}
	},
	"candle_large_unlit": {
		"slots": {
			"candle_flame": {
				"attachment": [
					{ "name": null },
					{ "time": 0.0667, "name": null }
				]
			},
			"candle_flame_flicker": {
				"rgba": [
					{ "color": "ffffffff", "curve": "stepped" },
					{ "time": 0.0667, "color": "ffffffff" }
				],
				"attachment": [
					{ "name": null },
					{ "time": 0.0667, "name": null }
				]
			},
			"light_circle2": {
				"attachment": [
					{ "name": null },
					{ "time": 0.0667, "name": null }
				]
			},
			"light_circle3": {
				"attachment": [
					{ "name": null },
					{ "time": 0.0667, "name": null }
				]
			}
		},
		"bones": {
			"candle_root": {
				"rotate": [
					{ "curve": "stepped" },
					{ "time": 0.0667 }
				],
				"translate": [
					{ "curve": "stepped" },
					{ "time": 0.0667 }
				],
				"scale": [
					{ "curve": "stepped" },
					{ "time": 0.0667 }
				],
				"shear": [
					{ "curve": "stepped" },
					{ "time": 0.0667 }
				]
			},
			"flame_root": {
				"rotate": [
					{ "curve": "stepped" },
					{ "time": 0.0667 }
				],
				"translate": [
					{ "curve": "stepped" },
					{ "time": 0.0667 }
				],
				"scale": [
					{ "curve": "stepped" },
					{ "time": 0.0667 }
				],
				"shear": [
					{ "curve": "stepped" },
					{ "time": 0.0667 }
				]
			},
			"flame": {
				"rotate": [
					{ "curve": "stepped" },
					{ "time": 0.0667 }
				],
				"translate": [
					{ "y": 0.28, "curve": "stepped" },
					{ "time": 0.0667, "y": 0.28 }
				],
				"scale": [
					{ "x": 1.06, "y": 0.973, "curve": "stepped" },
					{ "time": 0.0667, "x": 1.06, "y": 0.973 }
				],
				"shear": [
					{ "x": 2.12, "curve": "stepped" },
					{ "time": 0.0667, "x": 2.12 }
				]
			},
			"flicker": {
				"rotate": [
					{ "curve": "stepped" },
					{ "time": 0.0667 }
				],
				"translate": [
					{ "y": -9.9, "curve": "stepped" },
					{ "time": 0.0667, "y": -9.9 }
				],
				"scale": [
					{ "curve": "stepped" },
					{ "time": 0.0667 }
				],
				"shear": [
					{ "curve": "stepped" },
					{ "time": 0.0667 }
				]
			},
			"light_circle": {
				"rotate": [
					{ "curve": "stepped" },
					{ "time": 0.0667 }
				],
				"translate": [
					{ "curve": "stepped" },
					{ "time": 0.0667 }
				],
				"scale": [
					{ "curve": "stepped" },
					{ "time": 0.0667 }
				],
				"shear": [
					{ "curve": "stepped" },
					{ "time": 0.0667 }
				]
			},
			"light_circle2": {
				"rotate": [
					{ "curve": "stepped" },
					{ "time": 0.0667 }
				],
				"translate": [
					{ "curve": "stepped" },
					{ "time": 0.0667 }
				],
				"scale": [
					{ "x": 0.96, "y": 0.96, "curve": "stepped" },
					{ "time": 0.0667, "x": 0.96, "y": 0.96 }
				],
				"shear": [
					{ "curve": "stepped" },
					{ "time": 0.0667 }
				]
			}
		}
	},
	"candle_medium_lit": {
		"slots": {
			"candles": {
				"attachment": [
					{ "name": "candle_medium" },
					{ "time": 0.8, "name": "candle_medium" }
				]
			},
			"candle_flame_flicker": {
				"rgba": [
					{ "color": "ffffff00", "curve": "stepped" },
					{ "time": 0.0333, "color": "ffffffff", "curve": "stepped" },
					{ "time": 0.1667, "color": "ffffffff" },
					{ "time": 0.2, "color": "ffffff00", "curve": "stepped" },
					{ "time": 0.3333, "color": "ffffffff", "curve": "stepped" },
					{ "time": 0.4667, "color": "ffffffff" },
					{ "time": 0.5, "color": "ffffff00", "curve": "stepped" },
					{ "time": 0.8, "color": "ffffff00" }
				]
			}
		},
		"bones": {
			"candle_root": {
				"rotate": [
					{ "curve": "stepped" },
					{ "time": 0.8 }
				],
				"translate": [
					{ "curve": "stepped" },
					{ "time": 0.8 }
				],
				"scale": [
					{ "curve": "stepped" },
					{ "time": 0.8 }
				],
				"shear": [
					{ "curve": "stepped" },
					{ "time": 0.8 }
				]
			},
			"flame_root": {
				"rotate": [
					{ "curve": "stepped" },
					{ "time": 0.3333, "curve": "stepped" },
					{ "time": 0.8 }
				],
				"translate": [
					{ "y": -22.79, "curve": "stepped" },
					{ "time": 0.3333, "y": -22.79, "curve": "stepped" },
					{ "time": 0.8, "y": -22.79 }
				],
				"scale": [
					{ "curve": "stepped" },
					{ "time": 0.3333, "curve": "stepped" },
					{ "time": 0.8 }
				],
				"shear": [
					{ "curve": "stepped" },
					{ "time": 0.3333, "curve": "stepped" },
					{ "time": 0.8 }
				]
			},
			"flame": {
				"rotate": [
					{ "curve": "stepped" },
					{ "time": 0.3333, "curve": "stepped" },
					{ "time": 0.8 }
				],
				"translate": [
					{
						"y": 0.28,
						"curve": [ 0.022, 0, 0.044, 0, 0.022, 0.59, 0.044, 1.06 ]
					},
					{
						"time": 0.0667,
						"y": 1.06,
						"curve": [ 0.1, 0, 0.133, 0, 0.1, 1.06, 0.133, 0 ]
					},
					{
						"time": 0.1667,
						"curve": [ 0.2, 0, 0.233, 0, 0.2, 0, 0.233, 1.06 ]
					},
					{
						"time": 0.2667,
						"y": 1.06,
						"curve": [ 0.289, 0, 0.311, 0, 0.289, 1.06, 0.311, 0 ]
					},
					{
						"time": 0.3333,
						"curve": [ 0.378, 0, 0.422, 0, 0.378, 0, 0.422, 1.06 ]
					},
					{
						"time": 0.4667,
						"y": 1.06,
						"curve": [ 0.5, 0, 0.533, 0, 0.5, 1.06, 0.533, 0 ]
					},
					{
						"time": 0.5667,
						"curve": [ 0.6, 0, 0.633, 0, 0.6, 0, 0.633, 1.06 ]
					},
					{
						"time": 0.6667,
						"y": 1.06,
						"curve": [ 0.7, 0, 0.733, 0, 0.7, 1.06, 0.733, 0 ]
					},
					{
						"time": 0.7667,
						"curve": [ 0.778, 0, 0.789, 0, 0.778, 0, 0.789, 0.12 ]
					},
					{ "time": 0.8, "y": 0.28 }
				],
				"scale": [
					{
						"x": 1.06,
						"y": 0.973,
						"curve": [ 0.022, 1.128, 0.044, 1.23, 0.022, 0.942, 0.044, 0.896 ]
					},
					{
						"time": 0.0667,
						"x": 1.23,
						"y": 0.896,
						"curve": [ 0.1, 1.23, 0.133, 1, 0.1, 0.896, 0.133, 1 ]
					},
					{
						"time": 0.1667,
						"curve": [ 0.2, 1, 0.233, 1.23, 0.2, 1, 0.233, 0.896 ]
					},
					{
						"time": 0.2667,
						"x": 1.23,
						"y": 0.896,
						"curve": [ 0.289, 1.23, 0.311, 1.128, 0.289, 0.896, 0.311, 0.942 ]
					},
					{
						"time": 0.3333,
						"x": 1.06,
						"y": 0.973,
						"curve": [ 0.344, 1.026, 0.433, 1.23, 0.344, 0.988, 0.433, 0.896 ]
					},
					{
						"time": 0.4667,
						"x": 1.23,
						"y": 0.896,
						"curve": [ 0.5, 1.23, 0.533, 1, 0.5, 0.896, 0.533, 1 ]
					},
					{
						"time": 0.5667,
						"curve": [ 0.6, 1, 0.633, 1.23, 0.6, 1, 0.633, 0.896 ]
					},
					{
						"time": 0.6667,
						"x": 1.23,
						"y": 0.896,
						"curve": [ 0.7, 1.23, 0.733, 1, 0.7, 0.896, 0.733, 1 ]
					},
					{
						"time": 0.7667,
						"curve": [ 0.778, 1, 0.789, 1.026, 0.778, 1, 0.789, 0.988 ]
					},
					{ "time": 0.8, "x": 1.06, "y": 0.973 }
				],
				"shear": [
					{
						"x": -3.59,
						"curve": [ 0.113, -3.6, 0.178, 0, 0.113, 0, 0.178, 0 ]
					},
					{ "time": 0.2667, "curve": "stepped" },
					{
						"time": 0.3333,
						"curve": [ 0.337, 0, 0.389, 3.1, 0.337, 0, 0.389, 0 ]
					},
					{
						"time": 0.4667,
						"x": 3.1,
						"curve": [ 0.548, 3.1, 0.657, -2.8, 0.548, 0, 0.657, 0 ]
					},
					{
						"time": 0.7667,
						"x": -3.5,
						"curve": [ 0.778, -3.58, 0.789, -3.59, 0.778, 0, 0.789, 0 ]
					},
					{ "time": 0.8, "x": -3.59 }
				]
			},
			"flicker": {
				"rotate": [
					{ "curve": "stepped" },
					{ "time": 0.0333, "curve": "stepped" },
					{ "time": 0.3333, "curve": "stepped" },
					{ "time": 0.8 }
				],
				"translate": [
					{ "x": -2.43, "y": 11.88, "curve": "stepped" },
					{ "time": 0.0333, "y": -9.9 },
					{ "time": 0.2, "x": 2.78, "y": 11.88, "curve": "stepped" },
					{ "time": 0.3333, "y": -9.9 },
					{ "time": 0.5, "x": -2.43, "y": 11.88, "curve": "stepped" },
					{ "time": 0.8, "x": -2.43, "y": 11.88 }
				],
				"scale": [
					{ "curve": "stepped" },
					{ "time": 0.0333, "curve": "stepped" },
					{ "time": 0.3333, "curve": "stepped" },
					{ "time": 0.8 }
				],
				"shear": [
					{ "curve": "stepped" },
					{ "time": 0.0333, "curve": "stepped" },
					{ "time": 0.3333, "curve": "stepped" },
					{ "time": 0.8 }
				]
			},
			"light_circle": {
				"rotate": [
					{ "curve": "stepped" },
					{ "time": 0.2333, "curve": "stepped" },
					{ "time": 0.3333, "curve": "stepped" },
					{ "time": 0.8 }
				],
				"translate": [
					{ "y": -24.94, "curve": "stepped" },
					{ "time": 0.2333, "y": -24.94, "curve": "stepped" },
					{ "time": 0.3333, "y": -24.94, "curve": "stepped" },
					{ "time": 0.8, "y": -24.94 }
				],
				"scale": [
					{
						"x": 0.969,
						"y": 0.969,
						"curve": [ 0.012, 0.962, 0.023, 0.957, 0.012, 0.962, 0.023, 0.957 ]
					},
					{
						"time": 0.0333,
						"x": 0.957,
						"y": 0.957,
						"curve": [ 0.065, 0.957, 0.101, 1, 0.065, 0.957, 0.101, 1 ]
					},
					{
						"time": 0.1333,
						"curve": [ 0.165, 1, 0.201, 0.957, 0.165, 1, 0.201, 0.957 ]
					},
					{ "time": 0.2333, "x": 0.957, "y": 0.957 },
					{
						"time": 0.3333,
						"curve": [ 0.365, 1, 0.401, 0.957, 0.365, 1, 0.401, 0.957 ]
					},
					{
						"time": 0.4333,
						"x": 0.957,
						"y": 0.957,
						"curve": [ 0.465, 0.957, 0.501, 1, 0.465, 0.957, 0.501, 1 ]
					},
					{
						"time": 0.5333,
						"curve": [ 0.565, 1, 0.601, 0.957, 0.565, 1, 0.601, 0.957 ]
					},
					{
						"time": 0.6333,
						"x": 0.957,
						"y": 0.957,
						"curve": [ 0.665, 0.957, 0.701, 1, 0.665, 0.957, 0.701, 1 ]
					},
					{
						"time": 0.7333,
						"curve": [ 0.755, 1, 0.778, 0.981, 0.755, 1, 0.778, 0.981 ]
					},
					{ "time": 0.8, "x": 0.969, "y": 0.969 }
				],
				"shear": [
					{ "curve": "stepped" },
					{ "time": 0.2333, "curve": "stepped" },
					{ "time": 0.3333, "curve": "stepped" },
					{ "time": 0.8 }
				]
			},
			"light_circle2": {
				"rotate": [
					{ "curve": "stepped" },
					{ "time": 0.8 }
				],
				"translate": [
					{ "y": -24.94, "curve": "stepped" },
					{ "time": 0.8, "y": -24.94 }
				],
				"scale": [
					{
						"curve": [ 0.032, 1, 0.068, 0.941, 0.032, 1, 0.068, 0.941 ]
					},
					{
						"time": 0.1,
						"x": 0.941,
						"y": 0.941,
						"curve": [ 0.132, 0.941, 0.168, 1, 0.132, 0.941, 0.168, 1 ]
					},
					{
						"time": 0.2,
						"curve": [ 0.232, 1, 0.268, 0.941, 0.232, 1, 0.268, 0.941 ]
					},
					{ "time": 0.3, "x": 0.941, "y": 0.941 },
					{ "time": 0.3333, "x": 0.96, "y": 0.96 },
					{
						"time": 0.4,
						"curve": [ 0.432, 1, 0.468, 0.941, 0.432, 1, 0.468, 0.941 ]
					},
					{
						"time": 0.5,
						"x": 0.941,
						"y": 0.941,
						"curve": [ 0.532, 0.941, 0.568, 1, 0.532, 0.941, 0.568, 1 ]
					},
					{
						"time": 0.6,
						"curve": [ 0.632, 1, 0.668, 0.941, 0.632, 1, 0.668, 0.941 ]
					},
					{
						"time": 0.7,
						"x": 0.941,
						"y": 0.941,
						"curve": [ 0.732, 0.941, 0.768, 1, 0.732, 0.941, 0.768, 1 ]
					},
					{ "time": 0.8 }
				],
				"shear": [
					{ "curve": "stepped" },
					{ "time": 0.8 }
				]
			}
		}
	},
	"candle_medium_unlit": {
		"slots": {
			"candles": {
				"attachment": [
					{ "name": "candle_medium" },
					{ "time": 0.0667, "name": "candle_medium" }
				]
			},
			"candle_flame": {
				"attachment": [
					{ "name": null },
					{ "time": 0.0667, "name": null }
				]
			},
			"candle_flame_flicker": {
				"rgba": [
					{ "color": "ffffff00", "curve": "stepped" },
					{ "time": 0.0667, "color": "ffffff00" }
				],
				"attachment": [
					{ "name": null },
					{ "time": 0.0667, "name": null }
				]
			},
			"light_circle2": {
				"attachment": [
					{ "name": null },
					{ "time": 0.0667, "name": null }
				]
			},
			"light_circle3": {
				"attachment": [
					{ "name": null },
					{ "time": 0.0667, "name": null }
				]
			}
		},
		"bones": {
			"candle_root": {
				"rotate": [
					{ "curve": "stepped" },
					{ "time": 0.0667 }
				],
				"translate": [
					{ "curve": "stepped" },
					{ "time": 0.0667 }
				],
				"scale": [
					{ "curve": "stepped" },
					{ "time": 0.0667 }
				],
				"shear": [
					{ "curve": "stepped" },
					{ "time": 0.0667 }
				]
			},
			"flame_root": {
				"rotate": [
					{ "curve": "stepped" },
					{ "time": 0.0667 }
				],
				"translate": [
					{ "y": -22.79, "curve": "stepped" },
					{ "time": 0.0667, "y": -22.79 }
				],
				"scale": [
					{ "curve": "stepped" },
					{ "time": 0.0667 }
				],
				"shear": [
					{ "curve": "stepped" },
					{ "time": 0.0667 }
				]
			},
			"flame": {
				"rotate": [
					{ "curve": "stepped" },
					{ "time": 0.0667 }
				],
				"translate": [
					{ "y": 0.28, "curve": "stepped" },
					{ "time": 0.0667, "y": 0.28 }
				],
				"scale": [
					{ "x": 1.06, "y": 0.973, "curve": "stepped" },
					{ "time": 0.0667, "x": 1.06, "y": 0.973 }
				],
				"shear": [
					{ "x": 2.12, "curve": "stepped" },
					{ "time": 0.0667, "x": 2.12 }
				]
			},
			"flicker": {
				"rotate": [
					{ "curve": "stepped" },
					{ "time": 0.0667 }
				],
				"translate": [
					{ "x": -2.43, "y": 11.88, "curve": "stepped" },
					{ "time": 0.0667, "x": -2.43, "y": 11.88 }
				],
				"scale": [
					{ "curve": "stepped" },
					{ "time": 0.0667 }
				],
				"shear": [
					{ "curve": "stepped" },
					{ "time": 0.0667 }
				]
			},
			"light_circle": {
				"rotate": [
					{ "curve": "stepped" },
					{ "time": 0.0667 }
				],
				"translate": [
					{ "y": -24.94, "curve": "stepped" },
					{ "time": 0.0667, "y": -24.94 }
				],
				"scale": [
					{ "x": 0.969, "y": 0.969, "curve": "stepped" },
					{ "time": 0.0667, "x": 0.969, "y": 0.969 }
				],
				"shear": [
					{ "curve": "stepped" },
					{ "time": 0.0667 }
				]
			},
			"light_circle2": {
				"rotate": [
					{ "curve": "stepped" },
					{ "time": 0.0667 }
				],
				"translate": [
					{ "y": -24.94, "curve": "stepped" },
					{ "time": 0.0667, "y": -24.94 }
				],
				"scale": [
					{ "curve": "stepped" },
					{ "time": 0.0667 }
				],
				"shear": [
					{ "curve": "stepped" },
					{ "time": 0.0667 }
				]
			}
		}
	},
	"candle_small_lit": {
		"slots": {
			"candles": {
				"attachment": [
					{ "name": "candle_small" }
				]
			},
			"candle_flame_flicker": {
				"rgba": [
					{ "color": "ffffff00", "curve": "stepped" },
					{ "time": 0.3, "color": "ffffffff", "curve": "stepped" },
					{ "time": 0.4333, "color": "ffffffff" },
					{ "time": 0.4667, "color": "ffffff00", "curve": "stepped" },
					{ "time": 0.6, "color": "ffffffff", "curve": "stepped" },
					{ "time": 0.7333, "color": "ffffffff" },
					{ "time": 0.7667, "color": "ffffff00", "curve": "stepped" },
					{ "time": 0.8, "color": "ffffff00" }
				]
			}
		},
		"bones": {
			"candle_root": {
				"rotate": [
					{ "curve": "stepped" },
					{ "time": 0.8 }
				],
				"translate": [
					{ "curve": "stepped" },
					{ "time": 0.8 }
				],
				"scale": [
					{ "curve": "stepped" },
					{ "time": 0.8 }
				],
				"shear": [
					{ "curve": "stepped" },
					{ "time": 0.8 }
				]
			},
			"flame_root": {
				"rotate": [
					{ "curve": "stepped" },
					{ "time": 0.8 }
				],
				"translate": [
					{ "y": -39.99, "curve": "stepped" },
					{ "time": 0.8, "y": -39.99 }
				],
				"scale": [
					{ "curve": "stepped" },
					{ "time": 0.8 }
				],
				"shear": [
					{ "curve": "stepped" },
					{ "time": 0.8 }
				]
			},
			"flame": {
				"rotate": [
					{ "curve": "stepped" },
					{ "time": 0.6, "curve": "stepped" },
					{ "time": 0.8 }
				],
				"translate": [
					{
						"y": 0.28,
						"curve": [ 0.011, 0, 0.022, 0, 0.011, 0.12, 0.022, 0 ]
					},
					{
						"time": 0.0333,
						"curve": [ 0.067, 0, 0.1, 0, 0.067, 0, 0.1, 1.06 ]
					},
					{
						"time": 0.1333,
						"y": 1.06,
						"curve": [ 0.167, 0, 0.2, 0, 0.167, 1.06, 0.2, 0 ]
					},
					{
						"time": 0.2333,
						"curve": [ 0.267, 0, 0.3, 0, 0.267, 0, 0.3, 1.06 ]
					},
					{
						"time": 0.3333,
						"y": 1.06,
						"curve": [ 0.367, 0, 0.4, 0, 0.367, 1.06, 0.4, 0 ]
					},
					{
						"time": 0.4333,
						"curve": [ 0.467, 0, 0.5, 0, 0.467, 0, 0.5, 1.06 ]
					},
					{
						"time": 0.5333,
						"y": 1.06,
						"curve": [ 0.556, 0, 0.578, 0, 0.556, 1.06, 0.578, 0 ]
					},
					{
						"time": 0.6,
						"curve": [ 0.644, 0, 0.689, 0, 0.644, 0, 0.689, 1.06 ]
					},
					{
						"time": 0.7333,
						"y": 1.06,
						"curve": [ 0.756, 0, 0.778, 0, 0.756, 1.06, 0.778, 0.59 ]
					},
					{ "time": 0.8, "y": 0.28 }
				],
				"scale": [
					{
						"x": 1.06,
						"y": 0.973,
						"curve": [ 0.011, 1.026, 0.022, 1, 0.011, 0.988, 0.022, 1 ]
					},
					{
						"time": 0.0333,
						"curve": [ 0.067, 1, 0.1, 1.23, 0.067, 1, 0.1, 0.896 ]
					},
					{
						"time": 0.1333,
						"x": 1.23,
						"y": 0.896,
						"curve": [ 0.167, 1.23, 0.2, 1, 0.167, 0.896, 0.2, 1 ]
					},
					{
						"time": 0.2333,
						"curve": [ 0.267, 1, 0.3, 1.23, 0.267, 1, 0.3, 0.896 ]
					},
					{
						"time": 0.3333,
						"x": 1.23,
						"y": 0.896,
						"curve": [ 0.367, 1.23, 0.4, 1, 0.367, 0.896, 0.4, 1 ]
					},
					{
						"time": 0.4333,
						"curve": [ 0.467, 1, 0.5, 1.23, 0.467, 1, 0.5, 0.896 ]
					},
					{
						"time": 0.5333,
						"x": 1.23,
						"y": 0.896,
						"curve": [ 0.556, 1.23, 0.578, 1.128, 0.556, 0.896, 0.578, 0.942 ]
					},
					{
						"time": 0.6,
						"x": 1.06,
						"y": 0.973,
						"curve": [ 0.611, 1.026, 0.7, 1.23, 0.611, 0.988, 0.7, 0.896 ]
					},
					{
						"time": 0.7333,
						"x": 1.23,
						"y": 0.896,
						"curve": [ 0.756, 1.23, 0.778, 1.128, 0.756, 0.896, 0.778, 0.942 ]
					},
					{ "time": 0.8, "x": 1.06, "y": 0.973 }
				],
				"shear": [
					{
						"x": 2.12,
						"curve": [ 0.07, 0.42, 0.151, -2.98, 0.07, 0, 0.151, 0 ]
					},
					{
						"time": 0.2333,
						"x": -3.5,
						"curve": [ 0.367, -4.34, 0.436, 0, 0.367, 0, 0.436, 0 ]
					},
					{ "time": 0.5333, "curve": "stepped" },
					{
						"time": 0.6,
						"curve": [ 0.604, 0, 0.656, 3.1, 0.604, 0, 0.656, 0 ]
					},
					{
						"time": 0.7333,
						"x": 3.1,
						"curve": [ 0.754, 3.1, 0.776, 2.7, 0.754, 0, 0.776, 0 ]
					},
					{ "time": 0.8, "x": 2.12 }
				]
			},
			"flicker": {
				"rotate": [
					{ "curve": "stepped" },
					{ "time": 0.3, "curve": "stepped" },
					{ "time": 0.6, "curve": "stepped" },
					{ "time": 0.8 }
				],
				"translate": [
					{ "x": -2.43, "y": 11.88, "curve": "stepped" },
					{ "time": 0.3, "y": -9.9 },
					{ "time": 0.4667, "x": 2.78, "y": 11.88, "curve": "stepped" },
					{ "time": 0.6, "y": -9.9 },
					{ "time": 0.7667, "x": -2.43, "y": 11.88, "curve": "stepped" },
					{ "time": 0.8, "x": -2.43, "y": 11.88 }
				],
				"scale": [
					{ "curve": "stepped" },
					{ "time": 0.3, "curve": "stepped" },
					{ "time": 0.6, "curve": "stepped" },
					{ "time": 0.8 }
				],
				"shear": [
					{ "curve": "stepped" },
					{ "time": 0.3, "curve": "stepped" },
					{ "time": 0.6, "curve": "stepped" },
					{ "time": 0.8 }
				]
			},
			"light_circle": {
				"rotate": [
					{ "curve": "stepped" },
					{ "time": 0.5, "curve": "stepped" },
					{ "time": 0.6, "curve": "stepped" },
					{ "time": 0.8 }
				],
				"translate": [
					{ "y": -41.71, "curve": "stepped" },
					{ "time": 0.5, "y": -41.71, "curve": "stepped" },
					{ "time": 0.6, "y": -41.71, "curve": "stepped" },
					{ "time": 0.8, "y": -41.71 }
				],
				"scale": [
					{
						"curve": [ 0.032, 1, 0.068, 0.957, 0.032, 1, 0.068, 0.957 ]
					},
					{
						"time": 0.1,
						"x": 0.957,
						"y": 0.957,
						"curve": [ 0.132, 0.957, 0.168, 1, 0.132, 0.957, 0.168, 1 ]
					},
					{
						"time": 0.2,
						"curve": [ 0.232, 1, 0.268, 0.957, 0.232, 1, 0.268, 0.957 ]
					},
					{
						"time": 0.3,
						"x": 0.957,
						"y": 0.957,
						"curve": [ 0.332, 0.957, 0.368, 1, 0.332, 0.957, 0.368, 1 ]
					},
					{
						"time": 0.4,
						"curve": [ 0.432, 1, 0.468, 0.957, 0.432, 1, 0.468, 0.957 ]
					},
					{ "time": 0.5, "x": 0.957, "y": 0.957 },
					{
						"time": 0.6,
						"curve": [ 0.632, 1, 0.668, 0.957, 0.632, 1, 0.668, 0.957 ]
					},
					{
						"time": 0.7,
						"x": 0.957,
						"y": 0.957,
						"curve": [ 0.732, 0.957, 0.768, 1, 0.732, 0.957, 0.768, 1 ]
					},
					{ "time": 0.8 }
				],
				"shear": [
					{ "curve": "stepped" },
					{ "time": 0.5, "curve": "stepped" },
					{ "time": 0.6, "curve": "stepped" },
					{ "time": 0.8 }
				]
			},
			"light_circle2": {
				"rotate": [
					{ "curve": "stepped" },
					{ "time": 0.8 }
				],
				"translate": [
					{ "y": -42.14, "curve": "stepped" },
					{ "time": 0.8, "y": -42.14 }
				],
				"scale": [
					{
						"x": 0.957,
						"y": 0.957,
						"curve": [ 0.022, 0.974, 0.045, 1, 0.022, 0.974, 0.045, 1 ]
					},
					{
						"time": 0.0667,
						"curve": [ 0.099, 1, 0.135, 0.941, 0.099, 1, 0.135, 0.941 ]
					},
					{
						"time": 0.1667,
						"x": 0.941,
						"y": 0.941,
						"curve": [ 0.199, 0.941, 0.235, 1, 0.199, 0.941, 0.235, 1 ]
					},
					{
						"time": 0.2667,
						"curve": [ 0.299, 1, 0.335, 0.941, 0.299, 1, 0.335, 0.941 ]
					},
					{
						"time": 0.3667,
						"x": 0.941,
						"y": 0.941,
						"curve": [ 0.399, 0.941, 0.435, 1, 0.399, 0.941, 0.435, 1 ]
					},
					{
						"time": 0.4667,
						"curve": [ 0.499, 1, 0.535, 0.941, 0.499, 1, 0.535, 0.941 ]
					},
					{ "time": 0.5667, "x": 0.941, "y": 0.941 },
					{ "time": 0.6, "x": 0.96, "y": 0.96 },
					{
						"time": 0.6667,
						"curve": [ 0.699, 1, 0.735, 0.941, 0.699, 1, 0.735, 0.941 ]
					},
					{
						"time": 0.7667,
						"x": 0.941,
						"y": 0.941,
						"curve": [ 0.777, 0.941, 0.789, 0.948, 0.777, 0.941, 0.789, 0.948 ]
					},
					{ "time": 0.8, "x": 0.957, "y": 0.957 }
				],
				"shear": [
					{ "curve": "stepped" },
					{ "time": 0.8 }
				]
			}
		}
	},
	"candle_small_unlit": {
		"slots": {
			"candles": {
				"attachment": [
					{ "name": "candle_small" },
					{ "time": 0.0667, "name": "candle_small" }
				]
			},
			"candle_flame": {
				"attachment": [
					{ "name": null },
					{ "time": 0.0667, "name": null }
				]
			},
			"candle_flame_flicker": {
				"rgba": [
					{ "color": "ffffff00", "curve": "stepped" },
					{ "time": 0.0667, "color": "ffffff00" }
				],
				"attachment": [
					{ "name": null },
					{ "time": 0.0667, "name": null }
				]
			},
			"light_circle2": {
				"attachment": [
					{ "name": null },
					{ "time": 0.0667, "name": null }
				]
			},
			"light_circle3": {
				"attachment": [
					{ "name": null },
					{ "time": 0.0667, "name": null }
				]
			}
		},
		"bones": {
			"candle_root": {
				"rotate": [
					{ "curve": "stepped" },
					{ "time": 0.0667 }
				],
				"translate": [
					{ "curve": "stepped" },
					{ "time": 0.0667 }
				],
				"scale": [
					{ "curve": "stepped" },
					{ "time": 0.0667 }
				],
				"shear": [
					{ "curve": "stepped" },
					{ "time": 0.0667 }
				]
			},
			"flame_root": {
				"rotate": [
					{ "curve": "stepped" },
					{ "time": 0.0667 }
				],
				"translate": [
					{ "y": -39.99, "curve": "stepped" },
					{ "time": 0.0667, "y": -39.99 }
				],
				"scale": [
					{ "curve": "stepped" },
					{ "time": 0.0667 }
				],
				"shear": [
					{ "curve": "stepped" },
					{ "time": 0.0667 }
				]
			},
			"flame": {
				"rotate": [
					{ "curve": "stepped" },
					{ "time": 0.0667 }
				],
				"translate": [
					{ "y": 0.28, "curve": "stepped" },
					{ "time": 0.0667, "y": 0.28 }
				],
				"scale": [
					{ "x": 1.06, "y": 0.973, "curve": "stepped" },
					{ "time": 0.0667, "x": 1.06, "y": 0.973 }
				],
				"shear": [
					{ "x": 2.12, "curve": "stepped" },
					{ "time": 0.0667, "x": 2.12 }
				]
			},
			"flicker": {
				"rotate": [
					{ "curve": "stepped" },
					{ "time": 0.0667 }
				],
				"translate": [
					{ "x": -2.43, "y": 11.88, "curve": "stepped" },
					{ "time": 0.0667, "x": -2.43, "y": 11.88 }
				],
				"scale": [
					{ "curve": "stepped" },
					{ "time": 0.0667 }
				],
				"shear": [
					{ "curve": "stepped" },
					{ "time": 0.0667 }
				]
			},
			"light_circle": {
				"rotate": [
					{ "curve": "stepped" },
					{ "time": 0.0667 }
				],
				"translate": [
					{ "y": -41.71, "curve": "stepped" },
					{ "time": 0.0667, "y": -41.71 }
				],
				"scale": [
					{ "curve": "stepped" },
					{ "time": 0.0667 }
				],
				"shear": [
					{ "curve": "stepped" },
					{ "time": 0.0667 }
				]
			},
			"light_circle2": {
				"rotate": [
					{ "curve": "stepped" },
					{ "time": 0.0667 }
				],
				"translate": [
					{ "y": -42.14, "curve": "stepped" },
					{ "time": 0.0667, "y": -42.14 }
				],
				"scale": [
					{ "x": 0.957, "y": 0.957, "curve": "stepped" },
					{ "time": 0.0667, "x": 0.957, "y": 0.957 }
				],
				"shear": [
					{ "curve": "stepped" },
					{ "time": 0.0667 }
				]
			}
		}
	}
}
}