{
"skeleton": { "hash": "9tmx/IMGBZE", "spine": "4.0.45", "x": -35.07, "width": 76.5, "height": 62 },
"bones": [
	{ "name": "root" },
	{ "name": "bone", "parent": "root", "x": 1.42, "y": 10.91 },
	{ "name": "bone2", "parent": "bone", "length": 28.87, "rotation": 90, "x": 0.19, "y": 6.82 },
	{ "name": "bone3", "parent": "bone", "length": 22.83, "rotation": 90, "x": 16.57, "y": 9.75 },
	{ "name": "bone4", "parent": "bone", "length": 17.75, "rotation": 90, "x": -16.18, "y": -6.82 }
],
"slots": [
	{ "name": "butterfly_wing3", "bone": "bone3", "attachment": "butterfly_wing3" },
	{ "name": "butterfly_wing2", "bone": "bone4", "attachment": "butterfly_wing2" },
	{ "name": "butterfly_wing1", "bone": "bone2", "attachment": "butterfly_wing1" },
	{ "name": "butterfly_body", "bone": "bone", "attachment": "butterfly_body" }
],
"skins": [
	{
		"name": "default",
		"attachments": {
			"butterfly_body": {
				"butterfly_body": { "x": 2.01, "y": 2.09, "width": 45, "height": 26 }
			},
			"butterfly_wing1": {
				"butterfly_wing1": { "x": 17.77, "y": 2.18, "rotation": -90, "width": 45, "height": 53 }
			},
			"butterfly_wing2": {
				"butterfly_wing2": { "x": 10.42, "y": 4.3, "rotation": -90, "width": 32, "height": 29 }
			},
			"butterfly_wing3": {
				"butterfly_wing3": { "x": 17.34, "y": -6.44, "rotation": -90, "width": 34, "height": 36 }
			}
		}
	}
],
"animations": {
	"fly": {
		"bones": {
			"bone2": {
				"rotate": [
					{ "curve": "stepped" },
					{ "time": 0.4 }
				],
				"translate": [
					{ "y": 0.87 },
					{ "time": 0.2, "y": -5.3 },
					{ "time": 0.4, "y": 0.87 }
				],
				"scale": [
					{},
					{ "time": 0.0667, "x": 1.084 },
					{ "time": 0.2, "x": -1 },
					{ "time": 0.2667, "x": -0.669 },
					{ "time": 0.4 }
				],
				"shear": [
					{},
					{ "time": 0.2, "y": 47.92 },
					{ "time": 0.4 }
				]
			},
			"bone3": {
				"rotate": [
					{ "curve": "stepped" },
					{ "time": 0.4 }
				],
				"translate": [
					{},
					{ "time": 0.2, "x": -1.12, "y": 2.51 },
					{ "time": 0.4 }
				],
				"scale": [
					{},
					{ "time": 0.0667, "x": 0.953 },
					{ "time": 0.2, "x": -1 },
					{ "time": 0.2667, "x": -0.689 },
					{ "time": 0.4 }
				],
				"shear": [
					{},
					{ "time": 0.2, "x": -6.82 },
					{ "time": 0.4 }
				]
			},
			"bone4": {
				"rotate": [
					{ "curve": "stepped" },
					{ "time": 0.4 }
				],
				"translate": [
					{},
					{ "time": 0.2, "x": 1.67, "y": 1.12 },
					{ "time": 0.4 }
				],
				"scale": [
					{},
					{ "time": 0.0667, "x": 1.045 },
					{ "time": 0.2, "x": -1 },
					{ "time": 0.2667, "x": -0.791 },
					{ "time": 0.4 }
				],
				"shear": [
					{},
					{ "time": 0.2, "y": 34.9 },
					{ "time": 0.4 }
				]
			},
			"bone": {
				"translate": [
					{ "y": -5.71 },
					{ "time": 0.2, "y": -1.56 },
					{ "time": 0.4, "y": -5.71 }
				]
			}
		},
		"drawOrder": [
			{
				"offsets": [
					{ "slot": "butterfly_body", "offset": -2 }
				]
			},
			{
				"time": 0.4,
				"offsets": [
					{ "slot": "butterfly_body", "offset": -2 }
				]
			}
		]
	},
	"idle": {
		"bones": {
			"root": {
				"rotate": [
					{ "curve": "stepped" },
					{ "time": 1.3333 }
				],
				"translate": [
					{ "curve": "stepped" },
					{ "time": 1.3333 }
				],
				"scale": [
					{ "curve": "stepped" },
					{ "time": 1.3333 }
				],
				"shear": [
					{ "curve": "stepped" },
					{ "time": 1.3333 }
				]
			},
			"bone": {
				"rotate": [
					{ "curve": "stepped" },
					{ "time": 1.3333 }
				],
				"translate": [
					{ "curve": "stepped" },
					{ "time": 1.3333 }
				],
				"scale": [
					{ "curve": "stepped" },
					{ "time": 1.3333 }
				],
				"shear": [
					{ "curve": "stepped" },
					{ "time": 1.3333 }
				]
			},
			"bone2": {
				"rotate": [
					{ "value": 8.97, "curve": "stepped" },
					{ "time": 0.4, "value": 8.97 },
					{ "time": 0.4667, "value": 11.58 },
					{ "time": 0.5667, "value": 8.97, "curve": "stepped" },
					{ "time": 1.3333, "value": 8.97 }
				],
				"translate": [
					{ "x": 2.68, "y": -0.77, "curve": "stepped" },
					{ "time": 1.3333, "x": 2.68, "y": -0.77 }
				],
				"scale": [
					{ "curve": "stepped" },
					{ "time": 1.3333 }
				],
				"shear": [
					{ "curve": "stepped" },
					{ "time": 1.3333 }
				]
			},
			"bone3": {
				"rotate": [
					{ "value": 24.69, "curve": "stepped" },
					{ "time": 0.4, "value": 24.69 },
					{ "time": 0.4667, "value": 20.26 },
					{ "time": 0.5667, "value": 24.69, "curve": "stepped" },
					{ "time": 1.3333, "value": 24.69 }
				],
				"translate": [
					{ "curve": "stepped" },
					{ "time": 1.3333 }
				],
				"scale": [
					{ "curve": "stepped" },
					{ "time": 1.3333 }
				],
				"shear": [
					{ "curve": "stepped" },
					{ "time": 1.3333 }
				]
			},
			"bone4": {
				"rotate": [
					{ "value": -2.17, "curve": "stepped" },
					{ "time": 1.3333, "value": -2.17 }
				],
				"translate": [
					{ "curve": "stepped" },
					{ "time": 1.3333 }
				],
				"scale": [
					{ "curve": "stepped" },
					{ "time": 1.3333 }
				],
				"shear": [
					{ "curve": "stepped" },
					{ "time": 1.3333 }
				]
			}
		}
	}
}
}