{
"skeleton": { "hash": "LBtjTmhSln4", "spine": "4.0.45", "x": -79.17, "y": -51.72, "width": 158.15, "height": 138.37 },
"bones": [
	{ "name": "root" },
	{ "name": "key", "parent": "root", "rotation": 13.55 }
],
"slots": [
	{ "name": "key", "bone": "key", "attachment": "key_gold" }
],
"skins": [
	{
		"name": "default",
		"attachments": {
			"key": {
				"key_bronze": { "x": 4, "y": 17, "rotation": -10.29, "width": 151, "height": 130 },
				"key_gold": { "x": 4, "y": 17, "rotation": -10.29, "width": 151, "height": 130 },
				"key_silver": { "x": 4, "y": 17, "rotation": -10.29, "width": 151, "height": 130 }
			}
		}
	}
],
"animations": {
	"key_bronze": {
		"slots": {
			"key": {
				"attachment": [
					{ "name": "key_bronze" }
				]
			}
		},
		"bones": {
			"key": {
				"rotate": [
					{ "curve": "stepped" },
					{ "time": 0.8 }
				],
				"translate": [
					{
						"curve": [ 0.111, 0, 0.289, 0, 0.153, 0, 0.247, -6.74 ]
					},
					{
						"time": 0.4,
						"y": -6.96,
						"curve": [ 0.511, 0, 0.689, 0, 0.545, -7.16, 0.657, 0 ]
					},
					{ "time": 0.8 }
				],
				"scale": [
					{ "curve": "stepped" },
					{ "time": 0.8 }
				],
				"shear": [
					{ "curve": "stepped" },
					{ "time": 0.8 }
				]
			}
		}
	},
	"key_gold": {
		"bones": {
			"key": {
				"rotate": [
					{ "curve": "stepped" },
					{ "time": 0.8 }
				],
				"translate": [
					{
						"curve": [ 0.111, 0, 0.289, 0, 0.153, 0, 0.247, -6.74 ]
					},
					{
						"time": 0.4,
						"y": -6.96,
						"curve": [ 0.511, 0, 0.689, 0, 0.545, -7.16, 0.657, 0 ]
					},
					{ "time": 0.8 }
				],
				"scale": [
					{ "curve": "stepped" },
					{ "time": 0.8 }
				],
				"shear": [
					{ "curve": "stepped" },
					{ "time": 0.8 }
				]
			}
		}
	},
	"key_silver": {
		"slots": {
			"key": {
				"attachment": [
					{ "name": "key_silver" }
				]
			}
		},
		"bones": {
			"key": {
				"rotate": [
					{ "curve": "stepped" },
					{ "time": 0.8 }
				],
				"translate": [
					{
						"curve": [ 0.111, 0, 0.289, 0, 0.153, 0, 0.247, -6.74 ]
					},
					{
						"time": 0.4,
						"y": -6.96,
						"curve": [ 0.511, 0, 0.689, 0, 0.545, -7.16, 0.657, 0 ]
					},
					{ "time": 0.8 }
				],
				"scale": [
					{ "curve": "stepped" },
					{ "time": 0.8 }
				],
				"shear": [
					{ "curve": "stepped" },
					{ "time": 0.8 }
				]
			}
		}
	}
}
}