{
"skeleton": { "hash": "ZP1I2JW7mQA", "spine": "4.0.45", "x": -160.5, "y": -1.8, "width": 321, "height": 304 },
"bones": [
	{ "name": "root" },
	{ "name": "fireplace", "parent": "root", "x": 1.77, "y": 0.35 },
	{ "name": "bone", "parent": "fireplace", "length": 56.72, "rotation": 90.52, "x": 2.4, "y": 11.61 }
],
"slots": [
	{ "name": "chimney", "bone": "fireplace", "attachment": "fireplace" },
	{ "name": "chimney_glow", "bone": "fireplace", "attachment": "chimney_glow" },
	{ "name": "fire_chimney_right_1", "bone": "fireplace", "attachment": "fire_chimney_right_1" },
	{ "name": "fire_chimney_left_1", "bone": "fireplace", "attachment": "fire_chimney_left_1" },
	{ "name": "fire_chimney_1", "bone": "fireplace", "attachment": "fire_chimney_1" },
	{ "name": "chimney_cover", "bone": "fireplace", "attachment": "fireplace_cover" }
],
"skins": [
	{
		"name": "default",
		"attachments": {
			"chimney": {
				"fireplace": { "x": -1.77, "y": 149.85, "width": 321, "height": 304 }
			},
			"chimney_cover": {
				"fireplace_cover": { "x": -1.77, "y": 69.95, "width": 321, "height": 144 }
			},
			"chimney_glow": {
				"chimney_glow": { "x": 1.17, "y": 76.62, "width": 275, "height": 146 }
			},
			"fire_chimney_1": {
				"fire_chimney_1": { "x": -1.33, "y": 57.62, "width": 114, "height": 118 },
				"fire_chimney_2": { "x": -7.83, "y": 63.12, "width": 123, "height": 133 },
				"fire_chimney_3": { "x": -3.33, "y": 67.62, "width": 124, "height": 136 },
				"fire_chimney_4": { "x": 0.17, "y": 60.12, "width": 131, "height": 119 },
				"fire_chimney_5": { "x": 11.17, "y": 50.12, "width": 111, "height": 101 },
				"fire_chimney_6": { "x": 11.67, "y": 49.12, "width": 114, "height": 105 },
				"fire_chimney_7": { "x": 3.67, "y": 41.62, "width": 102, "height": 90 }
			},
			"fire_chimney_left_1": {
				"fire_chimney_left_1": { "x": -30.33, "y": 46.12, "width": 94, "height": 85 },
				"fire_chimney_left_2": { "x": -24.83, "y": 49.62, "width": 101, "height": 96 },
				"fire_chimney_left_3": { "x": -29.33, "y": 52.12, "width": 98, "height": 97 },
				"fire_chimney_left_4": { "x": -32.33, "y": 44.62, "width": 104, "height": 82 },
				"fire_chimney_left_5": { "x": -39.33, "y": 40.62, "width": 92, "height": 76 },
				"fire_chimney_left_6": { "x": -40.33, "y": 40.62, "width": 94, "height": 78 },
				"fire_chimney_left_7": { "x": -33.83, "y": 35.62, "width": 85, "height": 68 }
			},
			"fire_chimney_right_1": {
				"fire_chimney_right_1": { "x": 34.67, "y": 42.62, "width": 98, "height": 86 },
				"fire_chimney_right_2": { "x": 40.17, "y": 45.62, "width": 107, "height": 96 },
				"fire_chimney_right_3": { "x": 35.67, "y": 48.62, "width": 104, "height": 98 },
				"fire_chimney_right_4": { "x": 32.17, "y": 41.12, "width": 111, "height": 83 },
				"fire_chimney_right_5": { "x": 24.17, "y": 36.62, "width": 97, "height": 76 },
				"fire_chimney_right_6": { "x": 23.67, "y": 36.62, "width": 98, "height": 78 },
				"fire_chimney_right_7": { "x": 30.67, "y": 32.12, "width": 90, "height": 69 }
			}
		}
	}
],
"animations": {
	"chimney_lit": {
		"slots": {
			"fire_chimney_1": {
				"attachment": [
					{ "name": "fire_chimney_1" },
					{ "time": 0.1, "name": "fire_chimney_2" },
					{ "time": 0.2, "name": "fire_chimney_3" },
					{ "time": 0.3, "name": "fire_chimney_4" },
					{ "time": 0.4, "name": "fire_chimney_5" },
					{ "time": 0.5, "name": "fire_chimney_6" },
					{ "time": 0.6, "name": "fire_chimney_7" },
					{ "time": 0.7, "name": "fire_chimney_1" }
				]
			},
			"fire_chimney_left_1": {
				"attachment": [
					{ "name": "fire_chimney_left_5" },
					{ "time": 0.1, "name": "fire_chimney_left_6" },
					{ "time": 0.2, "name": "fire_chimney_left_7" },
					{ "time": 0.3, "name": "fire_chimney_left_1" },
					{ "time": 0.4, "name": "fire_chimney_left_2" },
					{ "time": 0.5, "name": "fire_chimney_left_3" },
					{ "time": 0.6, "name": "fire_chimney_left_4" }
				]
			},
			"fire_chimney_right_1": {
				"attachment": [
					{ "name": "fire_chimney_right_3" },
					{ "time": 0.1, "name": "fire_chimney_right_4" },
					{ "time": 0.2, "name": "fire_chimney_right_5" },
					{ "time": 0.3, "name": "fire_chimney_right_6" },
					{ "time": 0.4, "name": "fire_chimney_right_7" },
					{ "time": 0.5, "name": "fire_chimney_right_1" },
					{ "time": 0.6, "name": "fire_chimney_right_2" }
				]
			}
		}
	},
	"chimney_unlit": {
		"slots": {
			"chimney_glow": {
				"attachment": [
					{ "name": null },
					{ "time": 0.0667, "name": null }
				]
			},
			"fire_chimney_1": {
				"attachment": [
					{ "name": null },
					{ "time": 0.0667, "name": null }
				]
			},
			"fire_chimney_left_1": {
				"attachment": [
					{ "name": null },
					{ "time": 0.0667, "name": null }
				]
			},
			"fire_chimney_right_1": {
				"attachment": [
					{ "name": null },
					{ "time": 0.0667, "name": null }
				]
			}
		}
	}
}
}