{
"skeleton": { "hash": "QTQlXtrQKvU", "spine": "4.0.45", "x": -67.62, "y": -1.5, "width": 138, "height": 235 },
"bones": [
	{ "name": "root" },
	{ "name": "bone", "parent": "root", "length": 44, "rotation": 90, "x": 0.55, "y": 5.44 },
	{ "name": "bone2", "parent": "bone", "length": 68.01, "rotation": 0.84, "x": 47.25 },
	{ "name": "bone3", "parent": "bone2", "length": 63, "rotation": -1.3, "x": 76.39, "y": -0.12 },
	{ "name": "bone4", "parent": "bone3", "length": 12.01, "rotation": -1.93, "x": 82.26, "y": -1.35 },
	{ "name": "bone5", "parent": "bone2", "length": 45.29, "rotation": -88.31, "x": 60.32, "y": -21.89 },
	{ "name": "bone6", "parent": "bone2", "length": 44.81, "rotation": 86.28, "x": 61.18, "y": 19.35 },
	{ "name": "bone7", "parent": "bone6", "length": 14.88, "rotation": -4.84, "x": -3.44, "y": -1.54 },
	{ "name": "bone8", "parent": "bone5", "length": 15.13, "rotation": 5.06, "x": -1.6, "y": 3.32 },
	{ "name": "bone9", "parent": "bone2", "length": 15.25, "rotation": 168.77, "x": 0.66, "y": 1.74 }
],
"slots": [
	{ "name": "stick", "bone": "bone", "attachment": "stick" },
	{ "name": "stick_thing", "bone": "bone9", "attachment": "stick_thing" },
	{ "name": "arm_right", "bone": "bone5", "attachment": "arm_right" },
	{ "name": "arm_right_thing", "bone": "bone8", "attachment": "arm_right_thing" },
	{ "name": "arm_left", "bone": "bone6", "attachment": "arm_left" },
	{ "name": "arm_left_thing", "bone": "bone7", "attachment": "arm_left_thing" },
	{ "name": "body", "bone": "bone2", "attachment": "body" },
	{ "name": "hair", "bone": "bone4", "attachment": "hair" },
	{ "name": "head", "bone": "bone3", "attachment": "head" }
],
"skins": [
	{
		"name": "default",
		"attachments": {
			"arm_left": {
				"arm_left": { "x": 21.91, "y": 0.68, "rotation": -177.12, "width": 52, "height": 21 }
			},
			"arm_left_thing": {
				"arm_left_thing": { "x": 9.36, "y": 1.22, "rotation": -172.28, "width": 24, "height": 35 }
			},
			"arm_right": {
				"arm_right": { "x": 22.34, "y": -0.32, "rotation": -2.53, "width": 53, "height": 21 }
			},
			"arm_right_thing": {
				"arm_right_thing": { "x": 9.78, "y": -2.9, "rotation": -7.59, "width": 25, "height": 35 }
			},
			"body": {
				"body": { "x": 42.3, "y": -0.45, "rotation": -90.84, "width": 72, "height": 95 }
			},
			"hair": {
				"hair": { "x": 7.59, "y": 1.99, "rotation": -87.61, "width": 33, "height": 29 }
			},
			"head": {
				"head": { "x": 39.92, "y": -0.01, "rotation": -89.55, "width": 99, "height": 87 }
			},
			"stick": {
				"stick": { "x": 21.05, "y": 0.17, "rotation": -90, "width": 20, "height": 56 }
			},
			"stick_thing": {
				"stick_thing": { "x": 9.48, "y": 2.84, "rotation": 100.39, "width": 39, "height": 28 }
			}
		}
	}
],
"animations": {
	"hit": {
		"bones": {
			"root": {
				"rotate": [
					{}
				],
				"translate": [
					{}
				],
				"scale": [
					{}
				],
				"shear": [
					{}
				]
			},
			"bone": {
				"rotate": [
					{
						"curve": [ 0.022, 0, 0.044, -12.78 ]
					},
					{
						"time": 0.0667,
						"value": -12.78,
						"curve": [ 0.122, -12.78, 0.178, 6.18 ]
					},
					{
						"time": 0.2333,
						"value": 6.18,
						"curve": [ 0.3, 6.18, 0.367, -3.42 ]
					},
					{
						"time": 0.4333,
						"value": -3.42,
						"curve": [ 0.489, -3.42, 0.544, 1.3 ]
					},
					{
						"time": 0.6,
						"value": 1.3,
						"curve": [ 0.644, 1.3, 0.689, 0 ]
					},
					{ "time": 0.7333 }
				],
				"translate": [
					{ "curve": "stepped" },
					{ "time": 0.7333 }
				],
				"scale": [
					{ "curve": "stepped" },
					{ "time": 0.7333 }
				],
				"shear": [
					{ "curve": "stepped" },
					{ "time": 0.7333 }
				]
			},
			"bone2": {
				"rotate": [
					{
						"curve": [ 0.022, 0, 0.044, -33.64 ]
					},
					{
						"time": 0.0667,
						"value": -33.64,
						"curve": [ 0.111, -33.64, 0.189, 5.89 ]
					},
					{
						"time": 0.2333,
						"value": 5.89,
						"curve": [ 0.289, 5.89, 0.378, -7.59 ]
					},
					{
						"time": 0.4333,
						"value": -7.59,
						"curve": [ 0.467, -7.59, 0.567, 0.16 ]
					},
					{
						"time": 0.6,
						"value": 0.16,
						"curve": [ 0.644, 0.16, 0.7, 0 ]
					},
					{ "time": 0.7333 }
				],
				"translate": [
					{ "curve": "stepped" },
					{ "time": 0.7333 }
				],
				"scale": [
					{
						"curve": [ 0.011, 1, 0.022, 1, 0.011, 1, 0.022, 1.078 ]
					},
					{
						"time": 0.0333,
						"y": 1.078,
						"curve": [ 0.044, 1, 0.055, 1, 0.044, 1.078, 0.055, 1 ]
					},
					{
						"time": 0.0667,
						"curve": [ 0.098, 1, 0.132, 1, 0.098, 1, 0.132, 1.03 ]
					},
					{
						"time": 0.1667,
						"y": 1.03,
						"curve": [ 0.189, 1, 0.211, 1, 0.189, 1.03, 0.211, 1 ]
					},
					{ "time": 0.2333, "curve": "stepped" },
					{ "time": 0.4333, "curve": "stepped" },
					{ "time": 0.6, "curve": "stepped" },
					{ "time": 0.7333 }
				],
				"shear": [
					{ "curve": "stepped" },
					{ "time": 0.7333 }
				]
			},
			"bone3": {
				"rotate": [
					{
						"curve": [ 0.022, 0, 0.044, 27.18 ]
					},
					{
						"time": 0.0667,
						"value": 27.18,
						"curve": [ 0.089, 27.18, 0.111, -26.85 ]
					},
					{
						"time": 0.1333,
						"value": -26.85,
						"curve": [ 0.189, -26.85, 0.244, 32.57 ]
					},
					{
						"time": 0.3,
						"value": 32.57,
						"curve": [ 0.367, 32.57, 0.433, -13.5 ]
					},
					{
						"time": 0.5,
						"value": -13.5,
						"curve": [ 0.556, -13.5, 0.611, 2.69 ]
					},
					{
						"time": 0.6667,
						"value": 2.69,
						"curve": [ 0.689, 2.69, 0.711, 0 ]
					},
					{ "time": 0.7333 }
				],
				"translate": [
					{
						"curve": [ 0.022, 0, 0.045, 1.83, 0.022, 0, 0.045, -0.02 ]
					},
					{
						"time": 0.0667,
						"x": 1.71,
						"y": 1.14,
						"curve": [ 0.09, 1.59, 0.112, -0.48, 0.09, 2.31, 0.112, 4.66 ]
					},
					{
						"time": 0.1333,
						"x": -0.48,
						"y": 4.66,
						"curve": [ 0.156, -0.48, 0.179, -0.62, 0.156, 4.66, 0.179, -0.16 ]
					},
					{
						"time": 0.2,
						"x": -0.6,
						"y": -0.29,
						"curve": [ 0.234, -0.58, 0.267, -0.65, 0.234, -0.48, 0.267, -2.6 ]
					},
					{
						"time": 0.3,
						"x": -0.6,
						"y": -2.63,
						"curve": [ 0.367, -0.5, 0.434, -0.25, 0.367, -2.7, 0.434, -3.27 ]
					},
					{
						"time": 0.5,
						"x": -0.11,
						"y": -2.54,
						"curve": [ 0.556, 0, 0.644, 0, 0.556, -1.93, 0.644, 0 ]
					},
					{ "time": 0.6667, "curve": "stepped" },
					{ "time": 0.7333 }
				],
				"scale": [
					{
						"curve": [ 0.022, 1, 0.045, 1, 0.022, 1, 0.045, 1.14 ]
					},
					{
						"time": 0.0667,
						"y": 1.14,
						"curve": [ 0.09, 1, 0.112, 1, 0.09, 1.14, 0.112, 1 ]
					},
					{
						"time": 0.1333,
						"curve": [ 0.156, 1, 0.178, 0.967, 0.156, 1, 0.178, 1.153 ]
					},
					{
						"time": 0.2,
						"x": 0.967,
						"y": 1.153,
						"curve": [ 0.234, 0.967, 0.267, 1, 0.234, 1.153, 0.267, 1 ]
					},
					{
						"time": 0.3,
						"curve": [ 0.334, 1, 0.367, 0.993, 0.334, 1, 0.367, 1.037 ]
					},
					{
						"time": 0.4,
						"x": 0.993,
						"y": 1.037,
						"curve": [ 0.434, 0.993, 0.467, 1, 0.434, 1.037, 0.467, 1 ]
					},
					{ "time": 0.5, "curve": "stepped" },
					{ "time": 0.6667, "curve": "stepped" },
					{ "time": 0.7333 }
				],
				"shear": [
					{ "curve": "stepped" },
					{ "time": 0.6667, "curve": "stepped" },
					{ "time": 0.7333 }
				]
			},
			"bone4": {
				"rotate": [
					{
						"curve": [ 0.011, 0, 0.022, 37.11 ]
					},
					{
						"time": 0.0333,
						"value": 52.41,
						"curve": [ 0.045, 67.51, 0.056, 60.8 ]
					},
					{
						"time": 0.0667,
						"value": 60.8,
						"curve": [ 0.073, 60.8, 0.086, 88.89 ]
					},
					{
						"time": 0.1,
						"value": 68.96,
						"curve": [ 0.121, 41.41, 0.147, -7 ]
					},
					{
						"time": 0.1667,
						"value": -38.72,
						"curve": [ 0.183, -65.02, 0.196, -78.15 ]
					},
					{
						"time": 0.2,
						"value": -73.55,
						"curve": [ 0.222, -45.19, 0.244, 39.28 ]
					},
					{
						"time": 0.2667,
						"value": 39.28,
						"curve": [ 0.3, 39.28, 0.334, 72.83 ]
					},
					{
						"time": 0.3667,
						"value": 59.11,
						"curve": [ 0.395, 47.77, 0.431, 72.68 ]
					},
					{
						"time": 0.4667,
						"value": 51.18,
						"curve": [ 0.503, 29.68, 0.539, -38.25 ]
					},
					{
						"time": 0.5667,
						"value": -38.25,
						"curve": [ 0.622, -38.25, 0.644, 8.14 ]
					},
					{
						"time": 0.7,
						"value": 8.14,
						"curve": [ 0.722, 8.14, 0.711, 0 ]
					},
					{ "time": 0.7333 }
				],
				"translate": [
					{
						"curve": [ 0.022, 0, 0.044, -4.66, 0.022, 0, 0.044, 0.4 ]
					},
					{
						"time": 0.0667,
						"x": -4.66,
						"y": 0.4,
						"curve": [ 0.078, -4.66, 0.089, 1.73, 0.078, 0.4, 0.089, 0.17 ]
					},
					{
						"time": 0.1,
						"x": 1.76,
						"y": 0.17,
						"curve": [ 0.111, 1.79, 0.156, -3.84, 0.111, 0.17, 0.156, -9.36 ]
					},
					{
						"time": 0.1667,
						"x": -3.78,
						"y": -9.36,
						"curve": [ 0.178, -3.73, 0.189, -5.23, 0.178, -9.37, 0.189, -18.28 ]
					},
					{
						"time": 0.2,
						"x": -4.41,
						"y": -16.94,
						"curve": [ 0.223, -2.75, 0.245, 1.86, 0.223, -14.22, 0.245, -0.13 ]
					},
					{
						"time": 0.2667,
						"x": 2.05,
						"y": 0.24,
						"curve": [ 0.3, 2.32, 0.334, -1.83, 0.3, 0.77, 0.334, 4.88 ]
					},
					{
						"time": 0.3667,
						"x": -1.93,
						"y": 4.99,
						"curve": [ 0.479, -2.27, 0.589, 0, 0.479, 5.35, 0.589, 0 ]
					},
					{ "time": 0.7, "curve": "stepped" },
					{ "time": 0.7333 }
				],
				"scale": [
					{
						"curve": [ 0.011, 1, 0.022, 1.857, 0.011, 1, 0.022, 0.964 ]
					},
					{
						"time": 0.0333,
						"x": 2.186,
						"y": 0.928,
						"curve": [ 0.045, 2.512, 0.056, 2.31, 0.045, 0.892, 0.056, 0.856 ]
					},
					{
						"time": 0.0667,
						"x": 2.31,
						"y": 0.856,
						"curve": [ 0.081, 2.31, 0.092, 1.513, 0.081, 0.856, 0.092, 1.193 ]
					},
					{
						"time": 0.1,
						"x": 1.455,
						"y": 1.199,
						"curve": [ 0.143, 1.155, 0.148, 1.398, 0.143, 1.232, 0.148, 1.063 ]
					},
					{
						"time": 0.1667,
						"x": 1.398,
						"y": 1.063,
						"curve": [ 0.169, 1.398, 0.181, 1.872, 0.169, 1.063, 0.181, 0.595 ]
					},
					{
						"time": 0.2,
						"x": 1.613,
						"y": 0.595,
						"curve": [ 0.217, 1.387, 0.24, 1.262, 0.217, 0.595, 0.24, 0.915 ]
					},
					{
						"time": 0.2667,
						"x": 1.188,
						"y": 0.915,
						"curve": [ 0.296, 1.109, 0.33, 1.619, 0.296, 0.915, 0.33, 0.921 ]
					},
					{
						"time": 0.3667,
						"x": 1.587,
						"y": 0.93,
						"curve": [ 0.473, 1.494, 0.601, 1, 0.473, 0.954, 0.601, 1 ]
					},
					{ "time": 0.7, "curve": "stepped" },
					{ "time": 0.7333 }
				],
				"shear": [
					{ "curve": "stepped" },
					{ "time": 0.7, "curve": "stepped" },
					{ "time": 0.7333 }
				]
			},
			"bone5": {
				"rotate": [
					{
						"curve": [ 0.011, 0, 0.022, -18.99 ]
					},
					{
						"time": 0.0333,
						"value": -18.99,
						"curve": [ 0.067, -18.99, 0.1, 3.39 ]
					},
					{
						"time": 0.1333,
						"value": 10.41,
						"curve": [ 0.156, 15.09, 0.178, 16.11 ]
					},
					{
						"time": 0.2,
						"value": 16.11,
						"curve": [ 0.233, 16.11, 0.267, -21.54 ]
					},
					{
						"time": 0.3,
						"value": -21.54,
						"curve": [ 0.356, -21.54, 0.411, 10.44 ]
					},
					{
						"time": 0.4667,
						"value": 10.44,
						"curve": [ 0.522, 10.44, 0.578, -4.11 ]
					},
					{
						"time": 0.6333,
						"value": -4.11,
						"curve": [ 0.667, -4.11, 0.7, 0 ]
					},
					{ "time": 0.7333 }
				],
				"translate": [
					{ "curve": "stepped" },
					{ "time": 0.7333 }
				],
				"scale": [
					{ "curve": "stepped" },
					{ "time": 0.7333 }
				],
				"shear": [
					{ "curve": "stepped" },
					{ "time": 0.7333 }
				]
			},
			"bone6": {
				"rotate": [
					{
						"curve": [ 0.011, 0, 0.022, 14.95 ]
					},
					{
						"time": 0.0333,
						"value": 14.95,
						"curve": [ 0.067, 14.95, 0.1, -8.58 ]
					},
					{
						"time": 0.1333,
						"value": -16.9,
						"curve": [ 0.156, -22.45, 0.178, -26.67 ]
					},
					{
						"time": 0.2,
						"value": -26.67,
						"curve": [ 0.233, -26.67, 0.267, 17.54 ]
					},
					{
						"time": 0.3,
						"value": 17.54,
						"curve": [ 0.367, 17.54, 0.433, -10.49 ]
					},
					{
						"time": 0.5,
						"value": -10.49,
						"curve": [ 0.544, -10.49, 0.589, 4.42 ]
					},
					{
						"time": 0.6333,
						"value": 4.42,
						"curve": [ 0.667, 4.42, 0.7, 0 ]
					},
					{ "time": 0.7333 }
				],
				"translate": [
					{
						"curve": [ 0.011, 0, 0.022, -2.09, 0.011, 0, 0.022, 2.84 ]
					},
					{
						"time": 0.0333,
						"x": -2.09,
						"y": 2.84,
						"curve": [ 0.067, -2.09, 0.1, 4.57, 0.067, 2.84, 0.1, 2.59 ]
					},
					{
						"time": 0.1333,
						"x": 4.57,
						"y": 1.38,
						"curve": [ 0.156, 4.57, 0.178, 4.57, 0.156, 0.57, 0.178, -3.24 ]
					},
					{
						"time": 0.2,
						"x": 4.43,
						"y": -3.24,
						"curve": [ 0.233, 4.21, 0.267, 0.03, 0.233, -3.24, 0.267, 2.28 ]
					},
					{
						"time": 0.3,
						"x": 0.02,
						"y": 2.28,
						"curve": [ 0.367, 0, 0.433, 0, 0.367, 2.28, 0.433, 0 ]
					},
					{ "time": 0.5, "curve": "stepped" },
					{ "time": 0.7333 }
				],
				"scale": [
					{ "curve": "stepped" },
					{ "time": 0.5, "curve": "stepped" },
					{ "time": 0.7333 }
				],
				"shear": [
					{ "curve": "stepped" },
					{ "time": 0.5, "curve": "stepped" },
					{ "time": 0.7333 }
				]
			},
			"bone7": {
				"rotate": [
					{
						"curve": [ 0.011, 0, 0.022, 9.28 ]
					},
					{
						"time": 0.0333,
						"value": 9.28,
						"curve": [ 0.078, 9.28, 0.122, -5.1 ]
					},
					{
						"time": 0.1667,
						"value": -5.1,
						"curve": [ 0.222, -5.1, 0.278, 10.04 ]
					},
					{
						"time": 0.3333,
						"value": 10.04,
						"curve": [ 0.4, 10.04, 0.467, -4.71 ]
					},
					{
						"time": 0.5333,
						"value": -4.71,
						"curve": [ 0.6, -4.71, 0.667, 0 ]
					},
					{ "time": 0.7333 }
				],
				"translate": [
					{ "curve": "stepped" },
					{ "time": 0.7333 }
				],
				"scale": [
					{ "curve": "stepped" },
					{ "time": 0.7333 }
				],
				"shear": [
					{ "curve": "stepped" },
					{ "time": 0.7333 }
				]
			},
			"bone8": {
				"rotate": [
					{
						"curve": [ 0.011, 0, 0.022, -8.88 ]
					},
					{
						"time": 0.0333,
						"value": -8.88,
						"curve": [ 0.1, -8.88, 0.167, 2.2 ]
					},
					{
						"time": 0.2333,
						"value": 2.2,
						"curve": [ 0.289, 2.2, 0.344, -9.44 ]
					},
					{
						"time": 0.4,
						"value": -9.44,
						"curve": [ 0.456, -9.44, 0.511, -4.1 ]
					},
					{
						"time": 0.5667,
						"value": -2.53,
						"curve": [ 0.622, -0.95, 0.678, 0 ]
					},
					{ "time": 0.7333 }
				],
				"translate": [
					{ "curve": "stepped" },
					{ "time": 0.7333 }
				],
				"scale": [
					{ "curve": "stepped" },
					{ "time": 0.7333 }
				],
				"shear": [
					{ "curve": "stepped" },
					{ "time": 0.7333 }
				]
			},
			"bone9": {
				"rotate": [
					{
						"curve": [ 0.022, 0, 0.044, -21.98 ]
					},
					{
						"time": 0.0667,
						"value": -21.98,
						"curve": [ 0.144, -21.98, 0.222, 17.79 ]
					},
					{
						"time": 0.3,
						"value": 17.79,
						"curve": [ 0.367, 17.79, 0.433, -7.39 ]
					},
					{
						"time": 0.5,
						"value": -7.39,
						"curve": [ 0.556, -7.39, 0.611, -3.88 ]
					},
					{
						"time": 0.6667,
						"value": -2.12,
						"curve": [ 0.689, -1.41, 0.711, 0 ]
					},
					{ "time": 0.7333 }
				],
				"translate": [
					{
						"curve": [ 0.022, 0, 0.044, -0.2, 0.022, 0, 0.044, -5.32 ]
					},
					{
						"time": 0.0667,
						"x": -0.2,
						"y": -5.32,
						"curve": [ 0.144, -0.2, 0.222, 0.94, 0.144, -5.32, 0.222, 1.72 ]
					},
					{
						"time": 0.3,
						"x": 0.61,
						"y": 2.09,
						"curve": [ 0.367, 0.32, 0.433, 0.74, 0.367, 2.41, 0.433, 0.03 ]
					},
					{
						"time": 0.5,
						"x": 0.36,
						"y": 0.03,
						"curve": [ 0.556, 0.03, 0.611, 0, 0.556, 0.03, 0.611, 0 ]
					},
					{ "time": 0.6667, "curve": "stepped" },
					{ "time": 0.7333 }
				],
				"scale": [
					{ "curve": "stepped" },
					{ "time": 0.6667, "curve": "stepped" },
					{ "time": 0.7333 }
				],
				"shear": [
					{ "curve": "stepped" },
					{ "time": 0.6667, "curve": "stepped" },
					{ "time": 0.7333 }
				]
			}
		}
	},
	"idle": {
		"bones": {
			"root": {
				"rotate": [
					{ "curve": "stepped" },
					{ "time": 1.3333 }
				],
				"translate": [
					{ "curve": "stepped" },
					{ "time": 1.3333 }
				],
				"scale": [
					{ "curve": "stepped" },
					{ "time": 1.3333 }
				],
				"shear": [
					{ "curve": "stepped" },
					{ "time": 1.3333 }
				]
			},
			"bone": {
				"rotate": [
					{
						"curve": [ 0.222, 0, 0.444, -0.2 ]
					},
					{
						"time": 0.6667,
						"value": -0.2,
						"curve": [ 0.889, -0.2, 1.111, 0 ]
					},
					{ "time": 1.3333 }
				],
				"translate": [
					{ "curve": "stepped" },
					{ "time": 1.3333 }
				],
				"scale": [
					{ "curve": "stepped" },
					{ "time": 1.3333 }
				],
				"shear": [
					{ "curve": "stepped" },
					{ "time": 1.3333 }
				]
			},
			"bone2": {
				"rotate": [
					{ "curve": "stepped" },
					{ "time": 1.3333 }
				],
				"translate": [
					{ "curve": "stepped" },
					{ "time": 1.3333 }
				],
				"scale": [
					{ "curve": "stepped" },
					{ "time": 1.3333 }
				],
				"shear": [
					{ "curve": "stepped" },
					{ "time": 1.3333 }
				]
			},
			"bone3": {
				"rotate": [
					{
						"value": -0.07,
						"curve": [ 0.035, -0.03, 0.067, 0 ]
					},
					{
						"time": 0.1,
						"curve": [ 0.322, 0, 0.544, -1.04 ]
					},
					{
						"time": 0.7667,
						"value": -1.04,
						"curve": [ 0.956, -1.04, 1.146, -0.29 ]
					},
					{ "time": 1.3333, "value": -0.07 }
				],
				"translate": [
					{ "curve": "stepped" },
					{ "time": 0.1, "curve": "stepped" },
					{ "time": 1.3333 }
				],
				"scale": [
					{ "curve": "stepped" },
					{ "time": 0.1, "curve": "stepped" },
					{ "time": 1.3333 }
				],
				"shear": [
					{ "curve": "stepped" },
					{ "time": 0.1, "curve": "stepped" },
					{ "time": 1.3333 }
				]
			},
			"bone4": {
				"rotate": [
					{
						"value": -5.65,
						"curve": [ 0.113, 1.47, 0.223, 8.69 ]
					},
					{
						"time": 0.3333,
						"value": 8.69,
						"curve": [ 0.556, 8.69, 0.778, -19.99 ]
					},
					{
						"time": 1,
						"value": -19.99,
						"curve": [ 1.112, -19.99, 1.224, -12.87 ]
					},
					{ "time": 1.3333, "value": -5.65 }
				],
				"translate": [
					{ "curve": "stepped" },
					{ "time": 0.3333, "curve": "stepped" },
					{ "time": 1.3333 }
				],
				"scale": [
					{ "curve": "stepped" },
					{ "time": 0.3333, "curve": "stepped" },
					{ "time": 1.3333 }
				],
				"shear": [
					{ "curve": "stepped" },
					{ "time": 0.3333, "curve": "stepped" },
					{ "time": 1.3333 }
				]
			},
			"bone5": {
				"rotate": [
					{ "curve": "stepped" },
					{ "time": 1.3333 }
				],
				"translate": [
					{ "curve": "stepped" },
					{ "time": 1.3333 }
				],
				"scale": [
					{ "curve": "stepped" },
					{ "time": 1.3333 }
				],
				"shear": [
					{ "curve": "stepped" },
					{ "time": 1.3333 }
				]
			},
			"bone6": {
				"rotate": [
					{ "curve": "stepped" },
					{ "time": 1.3333 }
				],
				"translate": [
					{ "curve": "stepped" },
					{ "time": 1.3333 }
				],
				"scale": [
					{ "curve": "stepped" },
					{ "time": 1.3333 }
				],
				"shear": [
					{ "curve": "stepped" },
					{ "time": 1.3333 }
				]
			},
			"bone7": {
				"rotate": [
					{
						"value": -2.12,
						"curve": [ 0.135, -1.18, 0.267, 0 ]
					},
					{
						"time": 0.4,
						"curve": [ 0.622, 0, 0.844, -3.27 ]
					},
					{
						"time": 1.0667,
						"value": -3.27,
						"curve": [ 1.156, -3.27, 1.246, -2.76 ]
					},
					{ "time": 1.3333, "value": -2.12 }
				],
				"translate": [
					{ "curve": "stepped" },
					{ "time": 0.4, "curve": "stepped" },
					{ "time": 1.3333 }
				],
				"scale": [
					{ "curve": "stepped" },
					{ "time": 0.4, "curve": "stepped" },
					{ "time": 1.3333 }
				],
				"shear": [
					{ "curve": "stepped" },
					{ "time": 0.4, "curve": "stepped" },
					{ "time": 1.3333 }
				]
			},
			"bone8": {
				"rotate": [
					{
						"value": 0.85,
						"curve": [ 0.068, 0.36, 0.134, 0 ]
					},
					{
						"time": 0.2,
						"curve": [ 0.422, 0, 0.644, 3.95 ]
					},
					{
						"time": 0.8667,
						"value": 3.95,
						"curve": [ 1.023, 3.95, 1.179, 2.01 ]
					},
					{ "time": 1.3333, "value": 0.85 }
				],
				"translate": [
					{ "curve": "stepped" },
					{ "time": 0.2, "curve": "stepped" },
					{ "time": 1.3333 }
				],
				"scale": [
					{ "curve": "stepped" },
					{ "time": 0.2, "curve": "stepped" },
					{ "time": 1.3333 }
				],
				"shear": [
					{ "curve": "stepped" },
					{ "time": 0.2, "curve": "stepped" },
					{ "time": 1.3333 }
				]
			},
			"bone9": {
				"rotate": [
					{
						"value": 0.55,
						"curve": [ 0.046, 0.22, 0.09, 0 ]
					},
					{
						"time": 0.1333,
						"curve": [ 0.356, 0, 0.578, 5.33 ]
					},
					{
						"time": 0.8,
						"value": 5.33,
						"curve": [ 0.979, 5.33, 1.157, 1.91 ]
					},
					{ "time": 1.3333, "value": 0.55 }
				],
				"translate": [
					{ "curve": "stepped" },
					{ "time": 0.1333, "curve": "stepped" },
					{ "time": 1.3333 }
				],
				"scale": [
					{ "curve": "stepped" },
					{ "time": 0.1333, "curve": "stepped" },
					{ "time": 1.3333 }
				],
				"shear": [
					{ "curve": "stepped" },
					{ "time": 0.1333, "curve": "stepped" },
					{ "time": 1.3333 }
				]
			}
		}
	}
}
}