{
"skeleton": { "hash": "yoZsOuthEcE", "spine": "4.0.45", "x": -122.31, "y": 87.04, "width": 337.5, "height": 217.04 },
"bones": [
	{ "name": "root" },
	{ "name": "CHR_root", "parent": "root", "x": 2.51, "y": 137.54 },
	{ "name": "body", "parent": "CHR_root", "length": 24.44, "rotation": 90, "x": 2.3, "y": 78.29 },
	{ "name": "eyes", "parent": "body", "x": 27.82, "y": -4.64 },
	{ "name": "mouth", "parent": "body", "x": -50.32, "y": 0.91, "transform": "noScale" },
	{ "name": "ear1", "parent": "body", "length": 27.28, "rotation": 10.92, "x": 47.94, "y": 11.28 },
	{
		"name": "ear2",
		"parent": "body",
		"length": 27.28,
		"rotation": 162.34,
		"x": 47.94,
		"y": -11.28,
		"scaleX": -1
	},
	{ "name": "leg2", "parent": "body", "length": 13.09, "rotation": 158.96, "x": 0.47, "y": 4.7 },
	{ "name": "leg1", "parent": "body", "length": 13.82, "rotation": -144.69, "x": 1.41, "y": -5.17 },
	{ "name": "wingR", "parent": "body", "length": 27.66, "rotation": 80.22, "x": 31.96, "y": 30.55 },
	{ "name": "wingL", "parent": "body", "length": 24.98, "rotation": -78.06, "x": 32.43, "y": -29.14 },
	{ "name": "hang", "parent": "root", "length": 72.13, "rotation": -90, "x": 177.81, "y": 246.62 },
	{
		"name": "ear3",
		"parent": "hang",
		"length": 27.28,
		"rotation": 0.7,
		"x": 113.41,
		"y": 8.92,
		"scaleX": 1.0964
	},
	{
		"name": "ear4",
		"parent": "hang",
		"length": 27.28,
		"rotation": 176.64,
		"x": 110.83,
		"y": -2.65,
		"scaleX": -1
	}
],
"slots": [
	{ "name": "wingL", "bone": "wingL", "attachment": "wingL" },
	{ "name": "ear2", "bone": "ear2", "attachment": "ear" },
	{ "name": "ear", "bone": "ear1", "attachment": "ear" },
	{ "name": "ear3", "bone": "ear3", "attachment": "ear" },
	{ "name": "ear4", "bone": "ear4", "attachment": "ear" },
	{ "name": "wingR", "bone": "wingR", "attachment": "wingR" },
	{ "name": "body", "bone": "body", "attachment": "body" },
	{ "name": "eyes", "bone": "eyes", "attachment": "eyes" },
	{ "name": "leg", "bone": "leg1", "attachment": "leg" },
	{ "name": "leg2", "bone": "leg2", "attachment": "leg2" },
	{ "name": "mouth", "bone": "mouth", "attachment": "mouth" },
	{ "name": "hang", "bone": "hang", "attachment": "hang" }
],
"skins": [
	{
		"name": "default",
		"attachments": {
			"body": {
				"body": { "x": 24.19, "y": -0.88, "rotation": -90, "width": 73, "height": 65 }
			},
			"ear": {
				"ear": { "x": 17.36, "y": 1.58, "rotation": -100.92, "width": 24, "height": 46 }
			},
			"ear2": {
				"ear": { "x": 17.36, "y": 1.58, "rotation": -100.92, "width": 24, "height": 46 }
			},
			"ear3": {
				"ear": { "x": 17.36, "y": 1.58, "rotation": -100.92, "width": 24, "height": 46 }
			},
			"ear4": {
				"ear": { "x": 17.36, "y": 1.58, "rotation": -100.92, "width": 24, "height": 46 }
			},
			"eyes": {
				"eyes": { "x": 1.86, "y": -0.74, "rotation": -90, "width": 48, "height": 18 }
			},
			"hang": {
				"hang": { "x": 55.28, "y": -0.12, "rotation": 90, "width": 75, "height": 127 }
			},
			"leg": {
				"leg": { "x": 9.02, "y": -0.62, "rotation": 54.69, "width": 15, "height": 19 }
			},
			"leg2": {
				"leg2": { "x": 9.57, "y": 3.77, "rotation": 111.04, "width": 16, "height": 25 }
			},
			"mouth": {
				"mouth": { "x": 2, "y": 1.21, "rotation": -90, "width": 46, "height": 51 }
			},
			"wingL": {
				"wingL": { "x": 36.36, "y": -10.49, "rotation": -11.94, "width": 98, "height": 78 }
			},
			"wingR": {
				"wingR": { "x": 42.06, "y": 9.56, "rotation": -170.22, "width": 107, "height": 78 }
			}
		}
	}
],
"animations": {
	"attack": {
		"slots": {
			"ear3": {
				"attachment": [
					{ "name": null },
					{ "time": 1, "name": null },
					{ "time": 1.2, "name": null }
				]
			},
			"ear4": {
				"attachment": [
					{ "name": null },
					{ "time": 1, "name": null },
					{ "time": 1.2, "name": null }
				]
			},
			"hang": {
				"attachment": [
					{ "name": null },
					{ "time": 1, "name": null },
					{ "time": 1.2, "name": null }
				]
			},
			"mouth": {
				"attachment": [
					{ "name": null },
					{ "time": 0.4, "name": "mouth" },
					{ "time": 0.5, "name": "mouth" },
					{ "time": 0.6, "name": "mouth" },
					{ "time": 0.6333, "name": null },
					{ "time": 1, "name": null },
					{ "time": 1.2, "name": null }
				]
			}
		},
		"bones": {
			"hang": {
				"rotate": [
					{ "curve": "stepped" },
					{ "time": 0.8, "curve": "stepped" },
					{ "time": 1, "curve": "stepped" },
					{ "time": 1.0333, "curve": "stepped" },
					{ "time": 1.2 }
				],
				"translate": [
					{ "curve": "stepped" },
					{ "time": 0.8, "curve": "stepped" },
					{ "time": 1, "curve": "stepped" },
					{ "time": 1.0333, "curve": "stepped" },
					{ "time": 1.2 }
				],
				"scale": [
					{ "curve": "stepped" },
					{ "time": 0.8, "curve": "stepped" },
					{ "time": 1, "curve": "stepped" },
					{ "time": 1.0333, "curve": "stepped" },
					{ "time": 1.2 }
				],
				"shear": [
					{ "curve": "stepped" },
					{ "time": 0.8, "curve": "stepped" },
					{ "time": 1, "curve": "stepped" },
					{ "time": 1.0333, "curve": "stepped" },
					{ "time": 1.2 }
				]
			},
			"ear2": {
				"rotate": [
					{ "value": -0.25 },
					{ "time": 0.0667, "value": 11.32 },
					{ "time": 0.2, "value": -16.61 },
					{ "time": 0.3667, "value": 17.41 },
					{ "time": 0.4, "value": 25.98 },
					{ "time": 0.4667, "value": 68.05 },
					{ "time": 0.5, "value": 88.79 },
					{ "time": 0.5333, "value": 74.18, "curve": "stepped" },
					{ "time": 0.5667, "value": -45.67 },
					{ "time": 0.6667, "value": -65.9 },
					{ "time": 0.8, "value": -76.32 },
					{ "time": 0.9, "value": -40.66 },
					{ "time": 1, "value": 6.02, "curve": "stepped" },
					{ "time": 1.0333, "value": 6.02 },
					{ "time": 1.2, "value": -0.25 }
				],
				"translate": [
					{ "curve": "stepped" },
					{ "time": 0.3667, "curve": "stepped" },
					{ "time": 0.4, "curve": "stepped" },
					{ "time": 0.8, "curve": "stepped" },
					{ "time": 1, "curve": "stepped" },
					{ "time": 1.0333, "curve": "stepped" },
					{ "time": 1.2 }
				],
				"scale": [
					{ "curve": "stepped" },
					{ "time": 0.3667, "curve": "stepped" },
					{ "time": 0.4 },
					{ "time": 0.5, "x": 1.618, "y": 0.871 },
					{ "time": 0.5667, "x": 0.732, "y": 0.871 },
					{ "time": 0.8, "x": 1.618, "y": 0.871 },
					{ "time": 1, "curve": "stepped" },
					{ "time": 1.0333, "curve": "stepped" },
					{ "time": 1.2 }
				],
				"shear": [
					{ "curve": "stepped" },
					{ "time": 0.3667, "curve": "stepped" },
					{ "time": 0.4, "curve": "stepped" },
					{ "time": 0.8, "curve": "stepped" },
					{ "time": 1, "curve": "stepped" },
					{ "time": 1.0333, "curve": "stepped" },
					{ "time": 1.2 }
				]
			},
			"leg1": {
				"rotate": [
					{ "value": 5.5 },
					{ "time": 0.0333, "value": 16.54 },
					{ "time": 0.1333, "value": -11.6 },
					{ "time": 0.2333, "value": 15.75 },
					{ "time": 0.3333, "value": 5.5 },
					{ "time": 0.3667, "value": -9.74 },
					{ "time": 0.4, "value": -24.99 },
					{ "time": 0.5, "value": -106.21 },
					{ "time": 0.6333, "value": 42.84 },
					{ "time": 0.6667, "value": 65.5 },
					{ "time": 0.7333, "value": 53.14 },
					{ "time": 0.8, "value": 68.47 },
					{
						"time": 0.9,
						"value": 60.02,
						"curve": [ 0.944, 34.62, 0.989, -16.17 ]
					},
					{
						"time": 1.0333,
						"value": -16.17,
						"curve": [ 1.089, -16.17, 1.144, -1.75 ]
					},
					{ "time": 1.2, "value": 5.5 }
				],
				"translate": [
					{ "curve": "stepped" },
					{ "time": 0.0333, "curve": "stepped" },
					{ "time": 0.2333, "curve": "stepped" },
					{ "time": 0.3333, "curve": "stepped" },
					{ "time": 0.3667, "curve": "stepped" },
					{ "time": 0.4 },
					{ "time": 0.5, "x": -1.97, "y": -2.71 },
					{ "time": 0.6333, "x": -0.82, "y": -2.45 },
					{ "time": 0.8, "x": -1.97, "y": -2.71 },
					{ "time": 1.0333, "curve": "stepped" },
					{ "time": 1.2 }
				],
				"scale": [
					{ "curve": "stepped" },
					{ "time": 0.0333 },
					{ "time": 0.1333, "x": 1.185 },
					{ "time": 0.2333, "curve": "stepped" },
					{ "time": 0.3333, "curve": "stepped" },
					{ "time": 0.3667, "curve": "stepped" },
					{ "time": 0.4 },
					{ "time": 0.5, "x": 1.441, "y": 0.769 },
					{ "time": 0.5333, "x": 1.063, "y": 0.769 },
					{ "time": 0.5667, "x": 0.847, "y": 0.97 },
					{ "time": 0.8, "x": 1.441, "y": 0.769 },
					{ "time": 1.0333, "curve": "stepped" },
					{ "time": 1.2 }
				],
				"shear": [
					{ "curve": "stepped" },
					{ "time": 0.2333, "curve": "stepped" },
					{ "time": 0.3333, "curve": "stepped" },
					{ "time": 0.3667, "curve": "stepped" },
					{ "time": 0.4, "curve": "stepped" },
					{ "time": 0.8, "curve": "stepped" },
					{ "time": 1.0333, "curve": "stepped" },
					{ "time": 1.2 }
				]
			},
			"wingL": {
				"rotate": [
					{ "value": 1.28 },
					{ "time": 0.0667, "value": 53.39 },
					{ "time": 0.2, "value": -38.31 },
					{ "time": 0.3667, "value": 41.35, "curve": "stepped" },
					{ "time": 0.4, "value": -69.9 },
					{ "time": 0.5, "value": -28.96 },
					{ "time": 0.6333, "value": -13.15 },
					{ "time": 0.7, "value": -7.6 },
					{ "time": 0.8, "value": -8.59 },
					{
						"time": 0.8333,
						"value": -6.69,
						"curve": [ 0.9, 13.28, 0.967, 53.21 ]
					},
					{
						"time": 1.0333,
						"value": 53.21,
						"curve": [ 1.089, 53.21, 1.144, -7.36 ]
					},
					{ "time": 1.2, "value": 1.28 }
				],
				"translate": [
					{ "curve": "stepped" },
					{ "time": 0.2, "curve": "stepped" },
					{ "time": 0.3667, "curve": "stepped" },
					{ "time": 0.4 },
					{ "time": 0.5, "x": 0.79, "y": 22.03, "curve": "stepped" },
					{ "time": 0.8, "x": 0.79, "y": 22.03 },
					{ "time": 1.0333, "curve": "stepped" },
					{ "time": 1.2 }
				],
				"scale": [
					{ "curve": "stepped" },
					{ "time": 0.2, "curve": "stepped" },
					{ "time": 0.3667, "curve": "stepped" },
					{ "time": 0.4, "x": -0.859 },
					{ "time": 0.5, "x": -1.561, "y": 0.641 },
					{ "time": 0.6333, "x": 0.796, "y": 0.796 },
					{ "time": 0.7, "x": 1.166, "y": 0.777 },
					{ "time": 0.8, "x": 1.358, "y": 0.649 },
					{
						"time": 0.8333,
						"x": 1.398,
						"y": 0.649,
						"curve": [ 0.9, 1.266, 0.967, 1, 0.9, 0.766, 0.967, 1 ]
					},
					{ "time": 1.0333, "curve": "stepped" },
					{ "time": 1.2 }
				],
				"shear": [
					{ "x": -5.94, "y": -6.96, "curve": "stepped" },
					{ "time": 0.2, "x": -5.94, "y": -6.96, "curve": "stepped" },
					{ "time": 0.3667, "x": -5.94, "y": -6.96, "curve": "stepped" },
					{ "time": 0.4, "x": -5.94, "y": -6.96, "curve": "stepped" },
					{ "time": 0.8, "x": -5.94, "y": -6.96, "curve": "stepped" },
					{
						"time": 1.0333,
						"x": -5.94,
						"y": -6.96,
						"curve": [ 1.089, -5.94, 1.144, -7.35, 1.089, -6.96, 1.144, -8.52 ]
					},
					{ "time": 1.2, "x": -5.94, "y": -6.96 }
				]
			},
			"ear3": {
				"rotate": [
					{ "curve": "stepped" },
					{ "time": 0.8, "curve": "stepped" },
					{ "time": 1, "curve": "stepped" },
					{ "time": 1.0333, "curve": "stepped" },
					{ "time": 1.2 }
				],
				"translate": [
					{ "curve": "stepped" },
					{ "time": 0.8, "curve": "stepped" },
					{ "time": 1, "curve": "stepped" },
					{ "time": 1.0333, "curve": "stepped" },
					{ "time": 1.2 }
				],
				"scale": [
					{ "curve": "stepped" },
					{ "time": 0.8, "curve": "stepped" },
					{ "time": 1, "curve": "stepped" },
					{ "time": 1.0333, "curve": "stepped" },
					{ "time": 1.2 }
				],
				"shear": [
					{ "curve": "stepped" },
					{ "time": 0.8, "curve": "stepped" },
					{ "time": 1, "curve": "stepped" },
					{ "time": 1.0333, "curve": "stepped" },
					{ "time": 1.2 }
				]
			},
			"ear4": {
				"rotate": [
					{ "curve": "stepped" },
					{ "time": 0.8, "curve": "stepped" },
					{ "time": 1, "curve": "stepped" },
					{ "time": 1.0333, "curve": "stepped" },
					{ "time": 1.2 }
				],
				"translate": [
					{ "curve": "stepped" },
					{ "time": 0.8, "curve": "stepped" },
					{ "time": 1, "curve": "stepped" },
					{ "time": 1.0333, "curve": "stepped" },
					{ "time": 1.2 }
				],
				"scale": [
					{ "curve": "stepped" },
					{ "time": 0.8, "curve": "stepped" },
					{ "time": 1, "curve": "stepped" },
					{ "time": 1.0333, "curve": "stepped" },
					{ "time": 1.2 }
				],
				"shear": [
					{ "curve": "stepped" },
					{ "time": 0.8, "curve": "stepped" },
					{ "time": 1, "curve": "stepped" },
					{ "time": 1.0333, "curve": "stepped" },
					{ "time": 1.2 }
				]
			},
			"root": {
				"rotate": [
					{}
				],
				"translate": [
					{}
				],
				"scale": [
					{}
				],
				"shear": [
					{}
				]
			},
			"body": {
				"rotate": [
					{},
					{ "time": 0.2333, "value": 2.98, "curve": "stepped" },
					{ "time": 0.3333, "value": 2.98 },
					{ "time": 0.4, "value": -0.04 },
					{ "time": 0.5, "value": -29.62 },
					{ "time": 0.6333, "value": -7.55 },
					{
						"time": 0.8,
						"value": -12.92,
						"curve": [ 0.867, -8.61, 0.933, 0 ]
					},
					{ "time": 1, "curve": "stepped" },
					{ "time": 1.0333, "curve": "stepped" },
					{ "time": 1.2 }
				],
				"translate": [
					{ "y": -58.93 },
					{ "time": 0.1, "x": -4.94, "y": -70.51 },
					{ "time": 0.2333, "x": -32.67, "y": -24.58 },
					{ "time": 0.3333, "x": -36.72, "y": -13.13 },
					{ "time": 0.4, "x": -29.9, "y": -19.94 },
					{ "time": 0.5, "x": 95.19, "y": -160.2 },
					{ "time": 0.6333, "x": 150.2, "y": -97.14 },
					{
						"time": 0.8,
						"x": 47.64,
						"y": -42.15,
						"curve": [ 0.867, 31.76, 0.933, 0, 0.867, -54.73, 0.933, -79.89 ]
					},
					{ "time": 1, "y": -79.89, "curve": "stepped" },
					{ "time": 1.0333, "y": -79.89 },
					{ "time": 1.2, "y": -58.93 }
				],
				"scale": [
					{ "curve": "stepped" },
					{ "time": 0.2333, "curve": "stepped" },
					{ "time": 0.3333, "curve": "stepped" },
					{ "time": 0.4 },
					{ "time": 0.5, "x": 1.752 },
					{ "time": 0.6333, "x": 1.551, "y": 0.885 },
					{
						"time": 0.8,
						"x": 1.752,
						"curve": [ 0.867, 1.502, 0.933, 1, 0.867, 1, 0.933, 1 ]
					},
					{ "time": 1, "curve": "stepped" },
					{ "time": 1.0333, "curve": "stepped" },
					{ "time": 1.2 }
				],
				"shear": [
					{ "curve": "stepped" },
					{ "time": 0.2333, "curve": "stepped" },
					{ "time": 0.3333, "curve": "stepped" },
					{ "time": 0.4, "curve": "stepped" },
					{ "time": 0.5, "curve": "stepped" },
					{ "time": 0.8, "curve": "stepped" },
					{ "time": 1, "curve": "stepped" },
					{ "time": 1.0333, "curve": "stepped" },
					{ "time": 1.2 }
				]
			},
			"eyes": {
				"rotate": [
					{ "curve": "stepped" },
					{ "time": 0.2333, "curve": "stepped" },
					{ "time": 0.3333, "curve": "stepped" },
					{ "time": 0.4, "curve": "stepped" },
					{ "time": 0.8, "curve": "stepped" },
					{ "time": 1, "curve": "stepped" },
					{ "time": 1.0333, "curve": "stepped" },
					{ "time": 1.2 }
				],
				"translate": [
					{ "x": -0.1, "curve": "stepped" },
					{ "time": 0.2333, "x": -0.1, "curve": "stepped" },
					{ "time": 0.3333, "x": -0.1, "curve": "stepped" },
					{ "time": 0.4, "x": -0.1 },
					{ "time": 0.5, "x": 13.89, "y": -1.65, "curve": "stepped" },
					{ "time": 0.8, "x": 13.89, "y": -1.65 },
					{ "time": 1, "x": -0.1, "curve": "stepped" },
					{ "time": 1.0333, "x": -0.1, "curve": "stepped" },
					{ "time": 1.2, "x": -0.1 }
				],
				"scale": [
					{ "curve": "stepped" },
					{ "time": 0.2333, "curve": "stepped" },
					{ "time": 0.3333, "curve": "stepped" },
					{ "time": 0.4, "curve": "stepped" },
					{ "time": 0.8, "curve": "stepped" },
					{ "time": 1, "curve": "stepped" },
					{ "time": 1.0333, "curve": "stepped" },
					{ "time": 1.2 }
				],
				"shear": [
					{ "curve": "stepped" },
					{ "time": 0.2333, "curve": "stepped" },
					{ "time": 0.3333, "curve": "stepped" },
					{ "time": 0.4, "curve": "stepped" },
					{ "time": 0.8, "curve": "stepped" },
					{ "time": 1, "curve": "stepped" },
					{ "time": 1.0333, "curve": "stepped" },
					{ "time": 1.2 }
				]
			},
			"ear1": {
				"rotate": [
					{ "value": 0.33 },
					{ "time": 0.0667, "value": -11.93 },
					{ "time": 0.2, "value": 41.46 },
					{ "time": 0.3667, "value": -13.34 },
					{ "time": 0.4, "value": 1.36 },
					{ "time": 0.4667, "value": 45.31 },
					{ "time": 0.5, "value": 67.93 },
					{ "time": 0.5333, "value": 55.99, "curve": "stepped" },
					{ "time": 0.5667, "value": -61.18 },
					{ "time": 0.6667, "value": -83.7 },
					{ "time": 0.8, "value": -97.18 },
					{ "time": 0.9, "value": -50.81 },
					{ "time": 1, "value": -17.43, "curve": "stepped" },
					{ "time": 1.0333, "value": -17.43 },
					{ "time": 1.2, "value": 0.33 }
				],
				"translate": [
					{ "curve": "stepped" },
					{ "time": 0.3667, "curve": "stepped" },
					{ "time": 0.4, "curve": "stepped" },
					{ "time": 0.8, "curve": "stepped" },
					{ "time": 1, "curve": "stepped" },
					{ "time": 1.0333, "curve": "stepped" },
					{ "time": 1.2 }
				],
				"scale": [
					{ "curve": "stepped" },
					{ "time": 0.3667, "curve": "stepped" },
					{ "time": 0.4 },
					{ "time": 0.5, "x": 1.413, "y": 0.857 },
					{ "time": 0.5667 },
					{ "time": 0.8, "x": 1.413, "y": 0.857 },
					{ "time": 1, "curve": "stepped" },
					{ "time": 1.0333, "curve": "stepped" },
					{ "time": 1.2 }
				],
				"shear": [
					{ "curve": "stepped" },
					{ "time": 0.3667, "curve": "stepped" },
					{ "time": 0.4, "curve": "stepped" },
					{ "time": 0.8, "curve": "stepped" },
					{ "time": 1, "curve": "stepped" },
					{ "time": 1.0333, "curve": "stepped" },
					{ "time": 1.2 }
				]
			},
			"leg2": {
				"rotate": [
					{ "value": -6.85 },
					{ "time": 0.0333, "value": -15.92 },
					{ "time": 0.1333, "value": 15.98 },
					{ "time": 0.2333, "value": 22.93 },
					{ "time": 0.3333, "value": -6.85, "curve": "stepped" },
					{ "time": 0.3667, "value": -192.2, "curve": "stepped" },
					{ "time": 0.4, "value": -192.2 },
					{ "time": 0.5, "value": -247.4 },
					{ "time": 0.6333, "value": -96.64 },
					{ "time": 0.6667, "value": -78.06 },
					{ "time": 0.7333, "value": -91.47 },
					{ "time": 0.8, "value": -76.15 },
					{ "time": 0.9, "value": -57.91, "curve": "stepped" },
					{
						"time": 0.9333,
						"value": 34.88,
						"curve": [ 0.967, 13.75, 1, -28.52 ]
					},
					{
						"time": 1.0333,
						"value": -28.52,
						"curve": [ 1.089, -28.52, 1.144, -3.73 ]
					},
					{ "time": 1.2, "value": -6.85 }
				],
				"translate": [
					{ "curve": "stepped" },
					{ "time": 0.0333, "curve": "stepped" },
					{ "time": 0.2333, "curve": "stepped" },
					{ "time": 0.3333, "curve": "stepped" },
					{ "time": 0.3667, "x": -1.8, "y": -3.65, "curve": "stepped" },
					{ "time": 0.4, "x": -1.8, "y": -3.65 },
					{ "time": 0.6333, "x": 0.33, "y": -1.39 },
					{ "time": 0.8, "curve": "stepped" },
					{ "time": 0.9333, "curve": "stepped" },
					{ "time": 1.0333, "curve": "stepped" },
					{ "time": 1.2 }
				],
				"scale": [
					{ "curve": "stepped" },
					{ "time": 0.0333 },
					{ "time": 0.1333, "x": 1.185 },
					{ "time": 0.2333, "x": 1.042 },
					{ "time": 0.3333, "curve": "stepped" },
					{ "time": 0.3667, "x": -1, "curve": "stepped" },
					{ "time": 0.4, "x": -1 },
					{ "time": 0.5, "x": -1.443, "y": 0.597 },
					{ "time": 0.5333, "x": -1.115, "y": 0.619 },
					{ "time": 0.5667, "x": -0.999, "y": 0.938 },
					{ "time": 0.8, "x": -1.443, "y": 0.795 },
					{ "time": 0.9, "x": -0.765, "y": 0.883, "curve": "stepped" },
					{ "time": 0.9333, "curve": "stepped" },
					{ "time": 1.0333, "curve": "stepped" },
					{ "time": 1.2 }
				],
				"shear": [
					{ "curve": "stepped" },
					{ "time": 0.2333, "curve": "stepped" },
					{ "time": 0.3333, "curve": "stepped" },
					{ "time": 0.3667, "curve": "stepped" },
					{ "time": 0.4, "curve": "stepped" },
					{ "time": 0.8, "curve": "stepped" },
					{ "time": 0.9333, "curve": "stepped" },
					{ "time": 1.0333, "curve": "stepped" },
					{ "time": 1.2 }
				]
			},
			"wingR": {
				"rotate": [
					{ "value": -1.16 },
					{ "time": 0.0667, "value": -43.05 },
					{ "time": 0.2, "value": 37.17 },
					{ "time": 0.3667, "value": -28.81 },
					{ "time": 0.4, "value": -48.22 },
					{ "time": 0.5, "value": -5.76 },
					{ "time": 0.6333, "value": 27.59 },
					{ "time": 0.7, "value": 47.51 },
					{ "time": 0.8, "value": 44.65 },
					{
						"time": 0.8333,
						"value": 21.14,
						"curve": [ 0.853, 17.55, 0.876, 2.44 ]
					},
					{
						"time": 0.9,
						"value": -7.7,
						"curve": [ 0.934, -21.52, 0.969, -41.47 ]
					},
					{
						"time": 1,
						"value": -44.15,
						"curve": [ 1.012, -45.18, 1.023, -32.44 ]
					},
					{
						"time": 1.0333,
						"value": -32.44,
						"curve": [ 1.089, -32.44, 1.144, 7.05 ]
					},
					{ "time": 1.2, "value": -1.16 }
				],
				"translate": [
					{ "curve": "stepped" },
					{ "time": 0.2, "curve": "stepped" },
					{ "time": 0.3667, "curve": "stepped" },
					{ "time": 0.4, "curve": "stepped" },
					{ "time": 0.8 },
					{
						"time": 0.8333,
						"x": 0.46,
						"y": -3.92,
						"curve": [ 0.889, 0.46, 0.978, 0, 0.889, -3.92, 0.978, 0 ]
					},
					{ "time": 1.0333, "curve": "stepped" },
					{ "time": 1.2 }
				],
				"scale": [
					{ "curve": "stepped" },
					{ "time": 0.2, "curve": "stepped" },
					{ "time": 0.3667, "curve": "stepped" },
					{ "time": 0.4 },
					{ "time": 0.5, "x": 1.75, "y": 0.621 },
					{ "time": 0.6333, "x": 0.732, "y": 0.83 },
					{ "time": 0.7, "x": 0.531, "y": 0.775 },
					{ "time": 0.8, "x": 0.71, "y": 0.804 },
					{ "time": 0.9, "x": 0.989, "y": 0.961 },
					{ "time": 1.0333, "curve": "stepped" },
					{ "time": 1.2 }
				],
				"shear": [
					{ "x": 4.54, "y": 4.13, "curve": "stepped" },
					{ "time": 0.2, "x": 4.54, "y": 4.13, "curve": "stepped" },
					{ "time": 0.3667, "x": 4.54, "y": 4.13, "curve": "stepped" },
					{ "time": 0.4, "x": 4.54, "y": 4.13, "curve": "stepped" },
					{ "time": 0.6333, "x": 4.54, "y": 4.13 },
					{ "time": 0.7, "x": 62.4, "y": 12.55 },
					{ "time": 0.8, "x": 15.4, "y": 7.9 },
					{
						"time": 1.0333,
						"x": 4.54,
						"y": 4.13,
						"curve": [ 1.089, 4.54, 1.144, 7.3, 1.089, 4.13, 1.144, 7.38 ]
					},
					{ "time": 1.2, "x": 4.54, "y": 4.13 }
				]
			},
			"mouth": {
				"rotate": [
					{ "curve": "stepped" },
					{ "time": 0.2333, "curve": "stepped" },
					{ "time": 0.3333, "curve": "stepped" },
					{ "time": 0.4, "curve": "stepped" },
					{ "time": 0.8, "curve": "stepped" },
					{ "time": 1, "curve": "stepped" },
					{ "time": 1.0333, "curve": "stepped" },
					{ "time": 1.2 }
				],
				"translate": [
					{},
					{ "time": 0.2333, "x": 30, "y": -2.25, "curve": "stepped" },
					{ "time": 0.3333, "x": 30, "y": -2.25 },
					{ "time": 0.4, "x": 63.18, "y": -2.85 },
					{ "time": 0.5, "x": 69.99, "y": -5.25 },
					{ "time": 0.5333, "x": 70.38, "y": -6.57 },
					{ "time": 0.6, "x": 76.86, "y": -8, "curve": "stepped" },
					{ "time": 0.8, "x": 76.86, "y": -8 },
					{ "time": 1, "curve": "stepped" },
					{ "time": 1.0333, "curve": "stepped" },
					{ "time": 1.2 }
				],
				"scale": [
					{},
					{ "time": 0.2333, "x": 1.113, "curve": "stepped" },
					{ "time": 0.3333, "x": 1.113 },
					{ "time": 0.4, "x": 0.838, "y": 0.82 },
					{ "time": 0.4667, "x": 1.06, "y": 0.906 },
					{ "time": 0.5, "x": 1.383 },
					{ "time": 0.5333, "x": 1.528, "y": 1.305 },
					{ "time": 0.5667, "x": 1.605, "y": 1.457 },
					{ "time": 0.6, "x": 0.737, "y": 1.679 },
					{ "time": 0.6333, "x": 0.448, "y": 1.667 },
					{ "time": 0.8, "x": 0.015, "y": 1.609 },
					{ "time": 1, "curve": "stepped" },
					{ "time": 1.0333, "curve": "stepped" },
					{ "time": 1.2 }
				],
				"shear": [
					{ "curve": "stepped" },
					{ "time": 0.2333, "curve": "stepped" },
					{ "time": 0.3333, "curve": "stepped" },
					{ "time": 0.4, "curve": "stepped" },
					{ "time": 0.8, "curve": "stepped" },
					{ "time": 1, "curve": "stepped" },
					{ "time": 1.0333, "curve": "stepped" },
					{ "time": 1.2 }
				]
			},
			"CHR_root": {
				"rotate": [
					{ "curve": "stepped" },
					{ "time": 0.2333, "curve": "stepped" },
					{ "time": 0.3333, "curve": "stepped" },
					{ "time": 0.4, "curve": "stepped" },
					{ "time": 0.8, "curve": "stepped" },
					{ "time": 1, "curve": "stepped" },
					{ "time": 1.0333, "curve": "stepped" },
					{ "time": 1.2 }
				],
				"translate": [
					{ "curve": "stepped" },
					{ "time": 0.2333, "curve": "stepped" },
					{ "time": 0.3333, "curve": "stepped" },
					{ "time": 0.4, "curve": "stepped" },
					{ "time": 0.8, "curve": "stepped" },
					{ "time": 1, "curve": "stepped" },
					{ "time": 1.0333, "curve": "stepped" },
					{ "time": 1.2 }
				],
				"scale": [
					{ "curve": "stepped" },
					{ "time": 0.2333, "curve": "stepped" },
					{ "time": 0.3333, "curve": "stepped" },
					{ "time": 0.4, "curve": "stepped" },
					{ "time": 0.8, "curve": "stepped" },
					{ "time": 1, "curve": "stepped" },
					{ "time": 1.0333, "curve": "stepped" },
					{ "time": 1.2 }
				],
				"shear": [
					{ "curve": "stepped" },
					{ "time": 0.2333, "curve": "stepped" },
					{ "time": 0.3333, "curve": "stepped" },
					{ "time": 0.4, "curve": "stepped" },
					{ "time": 0.8, "curve": "stepped" },
					{ "time": 1, "curve": "stepped" },
					{ "time": 1.0333, "curve": "stepped" },
					{ "time": 1.2 }
				]
			}
		}
	},
	"die": {
		"slots": {
			"body": {
				"rgba": [
					{ "time": 0.8333, "color": "ffffffff" },
					{ "time": 1, "color": "ffffff00" }
				]
			},
			"ear": {
				"rgba": [
					{ "time": 0.8333, "color": "ffffffff" },
					{ "time": 1, "color": "ffffff00" }
				]
			},
			"ear2": {
				"rgba": [
					{ "time": 0.8333, "color": "ffffffff" },
					{ "time": 1, "color": "ffffff00" }
				]
			},
			"ear3": {
				"rgba": [
					{ "time": 0.8333, "color": "ffffffff" },
					{ "time": 1, "color": "ffffff00" }
				],
				"attachment": [
					{ "name": null },
					{ "time": 0.1333, "name": null }
				]
			},
			"ear4": {
				"rgba": [
					{ "time": 0.8333, "color": "ffffffff" },
					{ "time": 1, "color": "ffffff00" }
				],
				"attachment": [
					{ "name": null },
					{ "time": 0.1333, "name": null }
				]
			},
			"eyes": {
				"rgba": [
					{ "time": 0.8333, "color": "ffffffff" },
					{ "time": 1, "color": "ffffff00" }
				],
				"attachment": [
					{ "name": "eyes" },
					{ "time": 0.4333, "name": null },
					{ "time": 0.5, "name": null },
					{ "time": 0.5667, "name": null },
					{ "time": 1.1667, "name": null },
					{ "time": 1.6667, "name": null }
				]
			},
			"hang": {
				"rgba": [
					{ "time": 0.8333, "color": "ffffffff" },
					{ "time": 1, "color": "ffffff00" }
				],
				"attachment": [
					{ "name": null },
					{ "time": 0.1333, "name": null }
				]
			},
			"leg": {
				"rgba": [
					{ "time": 0.8333, "color": "ffffffff" },
					{ "time": 1, "color": "ffffff00" }
				]
			},
			"leg2": {
				"rgba": [
					{ "time": 0.8333, "color": "ffffffff" },
					{ "time": 1, "color": "ffffff00" }
				]
			},
			"mouth": {
				"rgba": [
					{ "time": 0.8333, "color": "ffffffff" },
					{ "time": 1, "color": "ffffff00" }
				],
				"attachment": [
					{ "name": null },
					{ "time": 0.1333, "name": null }
				]
			},
			"wingL": {
				"rgba": [
					{ "time": 0.8333, "color": "ffffffff" },
					{ "time": 0.9333, "color": "ffffff00" }
				]
			},
			"wingR": {
				"rgba": [
					{ "time": 0.8333, "color": "ffffffff" },
					{ "time": 0.9333, "color": "ffffff00" }
				]
			}
		},
		"bones": {
			"hang": {
				"rotate": [
					{ "curve": "stepped" },
					{ "time": 0.1333, "curve": "stepped" },
					{ "time": 0.4, "curve": "stepped" },
					{ "time": 1.1667, "curve": "stepped" },
					{ "time": 1.6667 }
				],
				"translate": [
					{ "curve": "stepped" },
					{ "time": 0.1333, "curve": "stepped" },
					{ "time": 0.4, "curve": "stepped" },
					{ "time": 1.1667, "curve": "stepped" },
					{ "time": 1.6667 }
				],
				"scale": [
					{ "curve": "stepped" },
					{ "time": 0.1333, "curve": "stepped" },
					{ "time": 0.4, "curve": "stepped" },
					{ "time": 1.1667, "curve": "stepped" },
					{ "time": 1.6667 }
				],
				"shear": [
					{ "curve": "stepped" },
					{ "time": 0.1333, "curve": "stepped" },
					{ "time": 0.4, "curve": "stepped" },
					{ "time": 1.1667, "curve": "stepped" },
					{ "time": 1.6667 }
				]
			},
			"root": {
				"rotate": [
					{ "curve": "stepped" },
					{ "time": 0.1333, "curve": "stepped" },
					{ "time": 0.4, "curve": "stepped" },
					{ "time": 0.8333, "curve": "stepped" },
					{ "time": 1.1667, "curve": "stepped" },
					{ "time": 1.6667 }
				],
				"translate": [
					{ "curve": "stepped" },
					{ "time": 0.1333, "curve": "stepped" },
					{ "time": 0.4, "curve": "stepped" },
					{ "time": 0.8333, "curve": "stepped" },
					{ "time": 1.1667, "curve": "stepped" },
					{ "time": 1.6667 }
				],
				"scale": [
					{ "curve": "stepped" },
					{ "time": 0.1333, "curve": "stepped" },
					{ "time": 0.4, "curve": "stepped" },
					{ "time": 0.8333, "curve": "stepped" },
					{ "time": 1.1667, "curve": "stepped" },
					{ "time": 1.6667 }
				],
				"shear": [
					{ "curve": "stepped" },
					{ "time": 0.1333, "curve": "stepped" },
					{ "time": 0.4, "curve": "stepped" },
					{ "time": 0.8333, "curve": "stepped" },
					{ "time": 1.1667, "curve": "stepped" },
					{ "time": 1.6667 }
				]
			},
			"mouth": {
				"rotate": [
					{ "time": 0.4333, "curve": "stepped" },
					{ "time": 0.5, "curve": "stepped" },
					{ "time": 0.5667, "curve": "stepped" },
					{ "time": 0.8333, "curve": "stepped" },
					{ "time": 1.1667, "curve": "stepped" },
					{ "time": 1.6667 }
				],
				"translate": [
					{ "time": 0.4333, "curve": "stepped" },
					{ "time": 0.5, "curve": "stepped" },
					{ "time": 0.5667, "curve": "stepped" },
					{ "time": 0.8333, "curve": "stepped" },
					{ "time": 1.1667, "curve": "stepped" },
					{ "time": 1.6667 }
				],
				"scale": [
					{ "time": 0.4333, "curve": "stepped" },
					{ "time": 0.5, "curve": "stepped" },
					{ "time": 0.5667, "curve": "stepped" },
					{ "time": 0.8333, "curve": "stepped" },
					{ "time": 1.1667, "curve": "stepped" },
					{ "time": 1.6667 }
				],
				"shear": [
					{ "time": 0.4333, "curve": "stepped" },
					{ "time": 0.5, "curve": "stepped" },
					{ "time": 0.5667, "curve": "stepped" },
					{ "time": 0.8333, "curve": "stepped" },
					{ "time": 1.1667, "curve": "stepped" },
					{ "time": 1.6667 }
				]
			},
			"body": {
				"rotate": [
					{
						"curve": [ 0.111, 0, 0.089, 8.76 ]
					},
					{
						"time": 0.1333,
						"value": 8.76,
						"curve": [ 0.211, 8.76, 0.322, 1.53 ]
					},
					{ "time": 0.4, "value": 6.55, "curve": "stepped" },
					{ "time": 0.4333, "value": 45.97 },
					{ "time": 0.5, "value": 43.86, "curve": "stepped" },
					{ "time": 0.5667, "value": 43.86, "curve": "stepped" },
					{ "time": 0.8333, "value": 43.86, "curve": "stepped" },
					{ "time": 1.1667, "value": 43.86, "curve": "stepped" },
					{ "time": 1.6667, "value": 43.86 }
				],
				"translate": [
					{
						"y": -58.93,
						"curve": [ 0.013, 0, 0.024, 0, 0.013, -58.93, 0.024, -50.99 ]
					},
					{
						"time": 0.0333,
						"y": -50.64,
						"curve": [ 0.107, 0, 0.094, 0, 0.107, -47.97, 0.094, -44.28 ]
					},
					{
						"time": 0.1333,
						"y": -44.28,
						"curve": [ 0.212, 0, 0.316, 0, 0.212, -44.28, 0.316, -57.07 ]
					},
					{
						"time": 0.4,
						"y": -59.8,
						"curve": [ 0.412, 0, 0.423, 0, 0.412, -60.18, 0.423, -58.98 ]
					},
					{ "time": 0.4333, "y": -58.98 },
					{ "time": 0.5, "y": -58.93, "curve": "stepped" },
					{ "time": 0.5667, "y": -58.93, "curve": "stepped" },
					{ "time": 0.8333, "y": -58.93, "curve": "stepped" },
					{ "time": 1.1667, "y": -58.93, "curve": "stepped" },
					{ "time": 1.6667, "y": -58.93 }
				],
				"scale": [
					{ "curve": "stepped" },
					{
						"time": 0.1333,
						"curve": [ 0.212, 1, 0.316, 1.177, 0.212, 1, 0.316, 0.935 ]
					},
					{ "time": 0.4, "x": 1.177, "y": 0.935, "curve": "stepped" },
					{ "time": 0.4333, "curve": "stepped" },
					{ "time": 0.5, "curve": "stepped" },
					{ "time": 0.5667, "curve": "stepped" },
					{ "time": 0.8333, "curve": "stepped" },
					{ "time": 1.1667, "curve": "stepped" },
					{ "time": 1.6667 }
				],
				"shear": [
					{ "curve": "stepped" },
					{ "time": 0.1333, "curve": "stepped" },
					{ "time": 0.4333, "curve": "stepped" },
					{ "time": 0.5, "curve": "stepped" },
					{ "time": 0.5667, "curve": "stepped" },
					{ "time": 0.8333, "curve": "stepped" },
					{ "time": 1.1667, "curve": "stepped" },
					{ "time": 1.6667 }
				]
			},
			"leg2": {
				"rotate": [
					{
						"value": -11.95,
						"curve": [ 0.013, -11.95, 0.024, 5.58 ]
					},
					{
						"time": 0.0333,
						"value": 5.58,
						"curve": [ 0.107, 5.58, 0.094, -47.49 ]
					},
					{
						"time": 0.1333,
						"value": -47.49,
						"curve": [ 0.17, -47.49, 0.202, -15.23 ]
					},
					{
						"time": 0.2333,
						"value": 16.48,
						"curve": [ 0.256, 39.07, 0.278, 52.62 ]
					},
					{
						"time": 0.3,
						"value": 75.1,
						"curve": [ 0.332, 107.91, 0.365, 146.75 ]
					},
					{ "time": 0.4, "value": 153.06, "curve": "stepped" },
					{ "time": 0.4333, "value": 153.06 },
					{ "time": 0.4667, "value": 55.58 },
					{ "time": 0.5, "value": 62.66 },
					{ "time": 0.5667, "value": 55.58, "curve": "stepped" },
					{ "time": 0.8333, "value": 55.58, "curve": "stepped" },
					{ "time": 1.1667, "value": 55.58, "curve": "stepped" },
					{ "time": 1.6667, "value": 55.58 }
				],
				"translate": [
					{ "curve": "stepped" },
					{
						"time": 0.0333,
						"curve": [ 0.107, 0, 0.094, 4.75, 0.107, 0, 0.094, -0.73 ]
					},
					{
						"time": 0.1333,
						"x": 4.75,
						"y": -0.73,
						"curve": [ 0.17, 4.75, 0.202, 5.48, 0.17, -0.73, 0.202, -0.97 ]
					},
					{
						"time": 0.2333,
						"x": 4.16,
						"y": -0.98,
						"curve": [ 0.289, 1.86, 0.34, -3.12, 0.289, -1.01, 0.34, -0.82 ]
					},
					{ "time": 0.4, "x": -3.61, "y": -0.74, "curve": "stepped" },
					{ "time": 0.4333, "x": -3.61, "y": -0.74 },
					{ "time": 0.4667, "curve": "stepped" },
					{ "time": 0.5, "curve": "stepped" },
					{ "time": 0.5667, "curve": "stepped" },
					{ "time": 0.8333, "curve": "stepped" },
					{ "time": 1.1667, "curve": "stepped" },
					{ "time": 1.6667 }
				],
				"scale": [
					{ "curve": "stepped" },
					{
						"time": 0.1333,
						"curve": [ 0.167, 1, 0.201, 0.593, 0.167, 1, 0.201, 1.742 ]
					},
					{
						"time": 0.2333,
						"x": 0.593,
						"y": 1.742,
						"curve": [ 0.256, 0.593, 0.278, 0.952, 0.256, 1.742, 0.278, 1.087 ]
					},
					{
						"time": 0.3,
						"curve": [ 0.356, 1.119, 0.411, 1, 0.356, 0.783, 0.411, 1 ]
					},
					{ "time": 0.4667, "curve": "stepped" },
					{ "time": 0.5, "curve": "stepped" },
					{ "time": 0.5667, "curve": "stepped" },
					{ "time": 0.8333, "curve": "stepped" },
					{ "time": 1.1667, "curve": "stepped" },
					{ "time": 1.6667 }
				],
				"shear": [
					{ "curve": "stepped" },
					{ "time": 0.1333, "curve": "stepped" },
					{ "time": 0.4667, "curve": "stepped" },
					{ "time": 0.5, "curve": "stepped" },
					{ "time": 0.5667, "curve": "stepped" },
					{ "time": 0.8333, "curve": "stepped" },
					{ "time": 1.1667, "curve": "stepped" },
					{ "time": 1.6667 }
				]
			},
			"leg1": {
				"rotate": [
					{
						"value": 13.49,
						"curve": [ 0.013, 13.49, 0.024, -4.73 ]
					},
					{
						"time": 0.0333,
						"value": -4.73,
						"curve": [ 0.107, -4.73, 0.094, 33.53 ]
					},
					{
						"time": 0.1333,
						"value": 33.53,
						"curve": [ 0.233, 33.53, 0.306, 117.95 ]
					},
					{ "time": 0.4, "value": 114.7, "curve": "stepped" },
					{ "time": 0.4333, "value": 114.7 },
					{ "time": 0.4667, "value": 13.49 },
					{ "time": 0.5, "value": 20.58 },
					{ "time": 0.5667, "value": 13.49, "curve": "stepped" },
					{ "time": 0.8333, "value": 13.49, "curve": "stepped" },
					{ "time": 1.1667, "value": 13.49, "curve": "stepped" },
					{ "time": 1.6667, "value": 13.49 }
				],
				"translate": [
					{ "curve": "stepped" },
					{
						"time": 0.0333,
						"curve": [ 0.107, 0, 0.094, 4.75, 0.107, 0, 0.094, -0.73 ]
					},
					{
						"time": 0.1333,
						"x": 4.75,
						"y": -0.73,
						"curve": [ 0.233, 4.75, 0.306, -2.84, 0.233, -0.73, 0.306, -0.86 ]
					},
					{ "time": 0.4, "x": -3.61, "y": -0.74, "curve": "stepped" },
					{ "time": 0.4333, "x": -3.61, "y": -0.74 },
					{ "time": 0.4667, "curve": "stepped" },
					{ "time": 0.5, "curve": "stepped" },
					{ "time": 0.5667, "curve": "stepped" },
					{ "time": 0.8333, "curve": "stepped" },
					{ "time": 1.1667, "curve": "stepped" },
					{ "time": 1.6667 }
				],
				"scale": [
					{ "curve": "stepped" },
					{ "time": 0.1333, "curve": "stepped" },
					{ "time": 0.4667, "curve": "stepped" },
					{ "time": 0.5, "curve": "stepped" },
					{ "time": 0.5667, "curve": "stepped" },
					{ "time": 0.8333, "curve": "stepped" },
					{ "time": 1.1667, "curve": "stepped" },
					{ "time": 1.6667 }
				],
				"shear": [
					{ "curve": "stepped" },
					{ "time": 0.1333, "curve": "stepped" },
					{ "time": 0.4667, "curve": "stepped" },
					{ "time": 0.5, "curve": "stepped" },
					{ "time": 0.5667, "curve": "stepped" },
					{ "time": 0.8333, "curve": "stepped" },
					{ "time": 1.1667, "curve": "stepped" },
					{ "time": 1.6667 }
				]
			},
			"eyes": {
				"rotate": [
					{ "curve": "stepped" },
					{ "time": 0.1333, "curve": "stepped" },
					{ "time": 0.4333, "curve": "stepped" },
					{ "time": 0.5, "curve": "stepped" },
					{ "time": 0.5667, "curve": "stepped" },
					{ "time": 0.8333, "curve": "stepped" },
					{ "time": 1.1667, "curve": "stepped" },
					{ "time": 1.6667 }
				],
				"translate": [
					{ "curve": "stepped" },
					{ "time": 0.0333, "x": 10.82, "y": 1.31, "curve": "stepped" },
					{
						"time": 0.1333,
						"x": 10.82,
						"y": 1.31,
						"curve": [ 0.207, 10.82, 0.279, 12.01, 0.207, 1.31, 0.279, 0.53 ]
					},
					{
						"time": 0.3667,
						"x": 11.76,
						"y": 1.01,
						"curve": [ 0.378, 11.73, 0.424, 10.82, 0.378, 1.06, 0.424, 1.31 ]
					},
					{
						"time": 0.4333,
						"x": 10.82,
						"y": 1.31,
						"curve": [ 0.507, 10.82, 0.478, -1.51, 0.507, 1.31, 0.478, 2.87 ]
					},
					{ "time": 0.5, "x": -1.51, "y": 2.87, "curve": "stepped" },
					{ "time": 0.5667, "x": -1.51, "y": 2.87, "curve": "stepped" },
					{ "time": 0.8333, "x": -1.51, "y": 2.87, "curve": "stepped" },
					{ "time": 1.1667, "x": -1.51, "y": 2.87, "curve": "stepped" },
					{ "time": 1.6667, "x": -1.51, "y": 2.87 }
				],
				"scale": [
					{ "curve": "stepped" },
					{ "time": 0.0333, "x": -1, "curve": "stepped" },
					{ "time": 0.1333, "x": -1, "curve": "stepped" },
					{
						"time": 0.4333,
						"x": -1,
						"curve": [ 0.507, -1, 0.478, 1, 0.507, 1, 0.478, 1 ]
					},
					{ "time": 0.5, "curve": "stepped" },
					{ "time": 0.5667, "curve": "stepped" },
					{ "time": 0.8333, "curve": "stepped" },
					{ "time": 1.1667, "curve": "stepped" },
					{ "time": 1.6667 }
				],
				"shear": [
					{ "curve": "stepped" },
					{ "time": 0.1333, "curve": "stepped" },
					{ "time": 0.4333, "curve": "stepped" },
					{ "time": 0.5, "curve": "stepped" },
					{ "time": 0.5667, "curve": "stepped" },
					{ "time": 0.8333, "curve": "stepped" },
					{ "time": 1.1667, "curve": "stepped" },
					{ "time": 1.6667 }
				]
			},
			"ear1": {
				"rotate": [
					{
						"value": -5.54,
						"curve": [ 0.031, -5.54, 0.052, 5.24 ]
					},
					{
						"time": 0.0667,
						"value": 5.24,
						"curve": [ 0.104, 5.24, 0.101, -5.54 ]
					},
					{
						"time": 0.1333,
						"value": -5.54,
						"curve": [ 0.159, -5.54, 0.18, -15.6 ]
					},
					{
						"time": 0.2,
						"value": -12.01,
						"curve": [ 0.249, -3.16, 0.351, -23.72 ]
					},
					{ "time": 0.4, "value": -14.88, "curve": "stepped" },
					{
						"time": 0.4333,
						"value": -56.09,
						"curve": [ 0.467, -50, 0.467, -43.55 ]
					},
					{
						"time": 0.4667,
						"value": -17.14,
						"curve": [ 0.467, 8.57, 0.467, 49.04 ]
					},
					{ "time": 0.5, "value": 49.04 },
					{ "time": 0.5333, "value": 39.67, "curve": "stepped" },
					{ "time": 0.6, "value": 39.67, "curve": "stepped" },
					{ "time": 0.8333, "value": 39.67, "curve": "stepped" },
					{ "time": 1.1667, "value": 39.67, "curve": "stepped" },
					{ "time": 1.6667, "value": 39.67 }
				],
				"translate": [
					{ "curve": "stepped" },
					{ "time": 0.1333, "curve": "stepped" },
					{ "time": 0.2, "curve": "stepped" },
					{ "time": 0.4, "curve": "stepped" },
					{
						"time": 0.4333,
						"x": -1.5,
						"y": -13.91,
						"curve": [ 0.501, -1.5, 0.414, 0, 0.501, -13.91, 0.414, 0 ]
					},
					{ "time": 0.5, "curve": "stepped" },
					{ "time": 0.5333, "curve": "stepped" },
					{ "time": 0.6, "curve": "stepped" },
					{ "time": 0.8333, "curve": "stepped" },
					{ "time": 1.1667, "curve": "stepped" },
					{ "time": 1.6667 }
				],
				"scale": [
					{ "curve": "stepped" },
					{ "time": 0.1333, "curve": "stepped" },
					{
						"time": 0.2,
						"curve": [ 0.256, 1, 0.344, 1.677, 0.256, 1, 0.344, 1 ]
					},
					{ "time": 0.4, "x": 1.677, "curve": "stepped" },
					{
						"time": 0.4333,
						"x": 1.594,
						"curve": [ 0.467, 1.594, 0.467, 1.213, 0.467, 1, 0.467, 1 ]
					},
					{
						"time": 0.4667,
						"x": 1.063,
						"curve": [ 0.467, 0.917, 0.467, 1, 0.467, 1, 0.467, 1 ]
					},
					{ "time": 0.5, "curve": "stepped" },
					{ "time": 0.5333, "curve": "stepped" },
					{ "time": 0.6, "curve": "stepped" },
					{ "time": 0.8333, "curve": "stepped" },
					{ "time": 1.1667, "curve": "stepped" },
					{ "time": 1.6667 }
				],
				"shear": [
					{ "curve": "stepped" },
					{ "time": 0.1333, "curve": "stepped" },
					{ "time": 0.5, "curve": "stepped" },
					{ "time": 0.5333, "curve": "stepped" },
					{ "time": 0.6, "curve": "stepped" },
					{ "time": 0.8333, "curve": "stepped" },
					{ "time": 1.1667, "curve": "stepped" },
					{ "time": 1.6667 }
				]
			},
			"ear2": {
				"rotate": [
					{
						"value": 8.85,
						"curve": [ 0.031, 8.85, 0.052, -2.14 ]
					},
					{
						"time": 0.0667,
						"value": -2.14,
						"curve": [ 0.104, -2.14, 0.101, 8.85 ]
					},
					{
						"time": 0.1333,
						"value": 8.85,
						"curve": [ 0.159, 8.85, 0.18, 18.59 ]
					},
					{
						"time": 0.2,
						"value": 10.81,
						"curve": [ 0.218, 3.74, 0.382, 24.95 ]
					},
					{ "time": 0.4, "value": 17.88, "curve": "stepped" },
					{ "time": 0.4333, "value": -23.01 },
					{ "time": 0.4667, "value": -99.51 },
					{ "time": 0.5, "value": -89.05, "curve": "stepped" },
					{ "time": 0.5667, "value": -89.05, "curve": "stepped" },
					{ "time": 0.8333, "value": -89.05, "curve": "stepped" },
					{ "time": 1.1667, "value": -89.05, "curve": "stepped" },
					{ "time": 1.6667, "value": -89.05 }
				],
				"translate": [
					{ "curve": "stepped" },
					{ "time": 0.1333, "curve": "stepped" },
					{ "time": 0.2, "curve": "stepped" },
					{ "time": 0.4, "curve": "stepped" },
					{ "time": 0.4333, "x": -1.5, "y": -13.91 },
					{ "time": 0.4667, "curve": "stepped" },
					{ "time": 0.5, "curve": "stepped" },
					{ "time": 0.5667, "curve": "stepped" },
					{ "time": 0.8333, "curve": "stepped" },
					{ "time": 1.1667, "curve": "stepped" },
					{ "time": 1.6667 }
				],
				"scale": [
					{ "curve": "stepped" },
					{ "time": 0.1333, "curve": "stepped" },
					{
						"time": 0.2,
						"curve": [ 0.256, 1, 0.344, 1.851, 0.256, 1, 0.344, 1 ]
					},
					{
						"time": 0.4,
						"x": 1.851,
						"curve": [ 0.468, 1.851, 0.444, 1, 0.468, 1, 0.444, 1 ]
					},
					{ "time": 0.4667, "curve": "stepped" },
					{ "time": 0.5, "curve": "stepped" },
					{ "time": 0.5667, "curve": "stepped" },
					{ "time": 0.8333, "curve": "stepped" },
					{ "time": 1.1667, "curve": "stepped" },
					{ "time": 1.6667 }
				],
				"shear": [
					{ "curve": "stepped" },
					{ "time": 0.1333, "curve": "stepped" },
					{ "time": 0.4333, "curve": "stepped" },
					{ "time": 0.4667, "curve": "stepped" },
					{ "time": 0.5, "curve": "stepped" },
					{ "time": 0.5667, "curve": "stepped" },
					{ "time": 0.8333, "curve": "stepped" },
					{ "time": 1.1667, "curve": "stepped" },
					{ "time": 1.6667 }
				]
			},
			"wingR": {
				"rotate": [
					{
						"value": -14.56,
						"curve": [ 0.011, -14.56, 0.056, 17.64 ]
					},
					{
						"time": 0.0667,
						"value": 17.64,
						"curve": [ 0.092, 17.64, 0.355, -71.91 ]
					},
					{
						"time": 0.3667,
						"value": -81.35,
						"curve": [ 0.372, -85.23, 0.386, -72.82 ]
					},
					{ "time": 0.4, "value": -79.63, "curve": "stepped" },
					{ "time": 0.4333, "value": -121.54, "curve": "stepped" },
					{ "time": 0.4667, "value": -40.78 },
					{ "time": 0.5333, "value": -51.23, "curve": "stepped" },
					{ "time": 0.6, "value": -51.23, "curve": "stepped" },
					{ "time": 0.8333, "value": -51.23, "curve": "stepped" },
					{ "time": 1.1667, "value": -51.23, "curve": "stepped" },
					{ "time": 1.6667, "value": -51.23 }
				],
				"translate": [
					{ "curve": "stepped" },
					{
						"time": 0.0667,
						"curve": [ 0.092, 0, 0.311, 6.49, 0.092, 0, 0.317, -1.47 ]
					},
					{
						"time": 0.3667,
						"x": 5.1,
						"y": -3.63,
						"curve": [ 0.423, 3.68, 0.378, 6.49, 0.423, -6.1, 0.384, -1.47 ]
					},
					{ "time": 0.4333, "x": 5.1, "y": -3.63, "curve": "stepped" },
					{ "time": 0.4667, "x": -6.3, "y": -10.99, "curve": "stepped" },
					{ "time": 0.5333, "x": -6.3, "y": -10.99, "curve": "stepped" },
					{ "time": 0.6, "x": -6.3, "y": -10.99, "curve": "stepped" },
					{ "time": 0.8333, "x": -6.3, "y": -10.99, "curve": "stepped" },
					{ "time": 1.1667, "x": -6.3, "y": -10.99, "curve": "stepped" },
					{ "time": 1.6667, "x": -6.3, "y": -10.99 }
				],
				"scale": [
					{ "curve": "stepped" },
					{
						"time": 0.0667,
						"curve": [ 0.081, 1, 0.159, 1.033, 0.081, 1, 0.159, 0.845 ]
					},
					{ "time": 0.2333, "x": 1.062, "y": 0.39, "curve": "stepped" },
					{
						"time": 0.3,
						"x": 1.087,
						"y": -0.282,
						"curve": [ 0.312, 1.091, 0.323, 1.001, 0.312, -0.39, 0.323, -0.466 ]
					},
					{
						"time": 0.3333,
						"x": 1.004,
						"y": -0.519,
						"curve": [ 0.347, 1.007, 0.359, 1.103, 0.347, -0.593, 0.359, -0.621 ]
					},
					{ "time": 0.3667, "x": 1.103, "y": -0.621 },
					{ "time": 0.4, "x": 1.181, "y": -0.621 },
					{ "time": 0.4333, "x": 1.303, "y": -0.621, "curve": "stepped" },
					{ "time": 0.4667, "curve": "stepped" },
					{ "time": 0.5333, "curve": "stepped" },
					{ "time": 0.6, "curve": "stepped" },
					{ "time": 0.8333, "curve": "stepped" },
					{ "time": 1.1667, "curve": "stepped" },
					{ "time": 1.6667 }
				],
				"shear": [
					{ "curve": "stepped" },
					{ "time": 0.0667, "curve": "stepped" },
					{ "time": 0.4667, "curve": "stepped" },
					{ "time": 0.5333, "curve": "stepped" },
					{ "time": 0.6, "curve": "stepped" },
					{ "time": 0.8333, "curve": "stepped" },
					{ "time": 1.1667, "curve": "stepped" },
					{ "time": 1.6667 }
				]
			},
			"wingL": {
				"rotate": [
					{
						"value": 21.89,
						"curve": [ 0.011, 21.89, 0.056, -27.02 ]
					},
					{
						"time": 0.0667,
						"value": -27.02,
						"curve": [ 0.092, -27.02, 0.357, 82.22 ]
					},
					{
						"time": 0.3667,
						"value": 71.87,
						"curve": [ 0.371, 66.94, 0.386, 76.08 ]
					},
					{ "time": 0.4, "value": 68.7, "curve": "stepped" },
					{ "time": 0.4333, "value": 21.51, "curve": "stepped" },
					{ "time": 0.4667, "value": -63.03 },
					{ "time": 0.5333, "value": -43.22, "curve": "stepped" },
					{ "time": 0.6, "value": -43.22, "curve": "stepped" },
					{ "time": 0.8333, "value": -43.22, "curve": "stepped" },
					{ "time": 1.1667, "value": -43.22, "curve": "stepped" },
					{ "time": 1.6667, "value": -43.22 }
				],
				"translate": [
					{ "curve": "stepped" },
					{
						"time": 0.0667,
						"curve": [ 0.092, 0, 0.311, 0.96, 0.092, 0, 0.311, -0.74 ]
					},
					{
						"time": 0.3667,
						"x": -1.48,
						"y": 1.14,
						"curve": [ 0.423, -3.96, 0.378, 0.96, 0.423, 3.04, 0.378, -0.74 ]
					},
					{ "time": 0.4333, "x": -1.48, "y": 1.14, "curve": "stepped" },
					{ "time": 0.4667, "x": -11.03, "y": 8.47, "curve": "stepped" },
					{ "time": 0.5333, "x": -11.03, "y": 8.47, "curve": "stepped" },
					{ "time": 0.6, "x": -11.03, "y": 8.47, "curve": "stepped" },
					{ "time": 0.8333, "x": -11.03, "y": 8.47, "curve": "stepped" },
					{ "time": 1.1667, "x": -11.03, "y": 8.47, "curve": "stepped" },
					{ "time": 1.6667, "x": -11.03, "y": 8.47 }
				],
				"scale": [
					{ "curve": "stepped" },
					{
						"time": 0.0667,
						"curve": [ 0.082, 1, 0.158, 1.22, 0.082, 1, 0.158, 0.86 ]
					},
					{ "time": 0.2333, "x": 1.398, "y": 0.476, "curve": "stepped" },
					{ "time": 0.3, "x": 1.54, "y": 0.288, "curve": "stepped" },
					{
						"time": 0.3333,
						"x": 1.393,
						"y": -0.268,
						"curve": [ 0.346, 1.409, 0.357, 1.619, 0.346, -0.416, 0.357, -0.337 ]
					},
					{
						"time": 0.3667,
						"x": 1.619,
						"y": -0.337,
						"curve": [ 0.435, 1.619, 0.356, 1.463, 0.435, -0.337, 0.356, -0.337 ]
					},
					{ "time": 0.4333, "x": 1.463, "y": -0.337, "curve": "stepped" },
					{ "time": 0.4667, "curve": "stepped" },
					{ "time": 0.5333, "curve": "stepped" },
					{ "time": 0.6, "curve": "stepped" },
					{ "time": 0.8333, "curve": "stepped" },
					{ "time": 1.1667, "curve": "stepped" },
					{ "time": 1.6667 }
				],
				"shear": [
					{ "curve": "stepped" },
					{ "time": 0.0667, "curve": "stepped" },
					{ "time": 0.4667, "curve": "stepped" },
					{ "time": 0.5333, "curve": "stepped" },
					{ "time": 0.6, "curve": "stepped" },
					{ "time": 0.8333, "curve": "stepped" },
					{ "time": 1.1667, "curve": "stepped" },
					{ "time": 1.6667 }
				]
			},
			"ear3": {
				"rotate": [
					{ "curve": "stepped" },
					{ "time": 0.1333, "curve": "stepped" },
					{ "time": 0.4, "curve": "stepped" },
					{ "time": 0.8333, "curve": "stepped" },
					{ "time": 1.1667, "curve": "stepped" },
					{ "time": 1.6667 }
				],
				"translate": [
					{ "curve": "stepped" },
					{ "time": 0.1333, "curve": "stepped" },
					{ "time": 0.4, "curve": "stepped" },
					{ "time": 0.8333, "curve": "stepped" },
					{ "time": 1.1667, "curve": "stepped" },
					{ "time": 1.6667 }
				],
				"scale": [
					{ "curve": "stepped" },
					{ "time": 0.1333, "curve": "stepped" },
					{ "time": 0.4, "curve": "stepped" },
					{ "time": 0.8333, "curve": "stepped" },
					{ "time": 1.1667, "curve": "stepped" },
					{ "time": 1.6667 }
				],
				"shear": [
					{ "curve": "stepped" },
					{ "time": 0.1333, "curve": "stepped" },
					{ "time": 0.4, "curve": "stepped" },
					{ "time": 0.8333, "curve": "stepped" },
					{ "time": 1.1667, "curve": "stepped" },
					{ "time": 1.6667 }
				]
			},
			"ear4": {
				"rotate": [
					{ "curve": "stepped" },
					{ "time": 0.1333, "curve": "stepped" },
					{ "time": 0.4, "curve": "stepped" },
					{ "time": 0.8333, "curve": "stepped" },
					{ "time": 1.1667, "curve": "stepped" },
					{ "time": 1.6667 }
				],
				"translate": [
					{ "curve": "stepped" },
					{ "time": 0.1333, "curve": "stepped" },
					{ "time": 0.4, "curve": "stepped" },
					{ "time": 0.8333, "curve": "stepped" },
					{ "time": 1.1667, "curve": "stepped" },
					{ "time": 1.6667 }
				],
				"scale": [
					{ "curve": "stepped" },
					{ "time": 0.1333, "curve": "stepped" },
					{ "time": 0.4, "curve": "stepped" },
					{ "time": 0.8333, "curve": "stepped" },
					{ "time": 1.1667, "curve": "stepped" },
					{ "time": 1.6667 }
				],
				"shear": [
					{ "curve": "stepped" },
					{ "time": 0.1333, "curve": "stepped" },
					{ "time": 0.4, "curve": "stepped" },
					{ "time": 0.8333, "curve": "stepped" },
					{ "time": 1.1667, "curve": "stepped" },
					{ "time": 1.6667 }
				]
			},
			"CHR_root": {
				"rotate": [
					{ "curve": "stepped" },
					{ "time": 0.1333, "curve": "stepped" },
					{ "time": 0.4333, "curve": "stepped" },
					{ "time": 0.5, "curve": "stepped" },
					{ "time": 0.5667, "curve": "stepped" },
					{ "time": 0.8333, "curve": "stepped" },
					{ "time": 1.1667, "curve": "stepped" },
					{ "time": 1.6667 }
				],
				"translate": [
					{ "curve": "stepped" },
					{
						"time": 0.1333,
						"curve": [ 0.244, 0, 0.322, 0, 0.244, 0, 0.341, -20.28 ]
					},
					{ "time": 0.4333, "y": -149.71, "curve": "stepped" },
					{ "time": 0.5, "y": -149.71, "curve": "stepped" },
					{ "time": 1.1667, "y": -149.71, "curve": "stepped" },
					{ "time": 1.6667, "y": -149.71 }
				],
				"scale": [
					{ "curve": "stepped" },
					{ "time": 0.1333 },
					{ "time": 0.4, "x": 0.843, "y": 1.319, "curve": "stepped" },
					{ "time": 0.4333, "x": 1.074, "y": 0.967 },
					{ "time": 0.5, "x": 0.983, "y": 1.022 },
					{ "time": 0.5667, "curve": "stepped" },
					{ "time": 0.8333, "curve": "stepped" },
					{ "time": 1.1667, "curve": "stepped" },
					{ "time": 1.6667 }
				],
				"shear": [
					{ "curve": "stepped" },
					{ "time": 0.1333, "curve": "stepped" },
					{ "time": 0.4333, "curve": "stepped" },
					{ "time": 0.5, "curve": "stepped" },
					{ "time": 0.5667, "curve": "stepped" },
					{ "time": 0.8333, "curve": "stepped" },
					{ "time": 1.1667, "curve": "stepped" },
					{ "time": 1.6667 }
				]
			}
		}
	},
	"fly": {
		"slots": {
			"ear3": {
				"attachment": [
					{ "name": null },
					{ "time": 0.5333, "name": null }
				]
			},
			"ear4": {
				"attachment": [
					{ "name": null },
					{ "time": 0.5333, "name": null }
				]
			},
			"hang": {
				"attachment": [
					{ "name": null },
					{ "time": 0.5333, "name": null }
				]
			},
			"mouth": {
				"attachment": [
					{ "name": null }
				]
			}
		},
		"bones": {
			"hang": {
				"rotate": [
					{ "curve": "stepped" },
					{ "time": 0.5333 }
				],
				"translate": [
					{ "curve": "stepped" },
					{ "time": 0.5333 }
				],
				"scale": [
					{ "curve": "stepped" },
					{ "time": 0.5333 }
				],
				"shear": [
					{ "curve": "stepped" },
					{ "time": 0.5333 }
				]
			},
			"ear3": {
				"rotate": [
					{ "curve": "stepped" },
					{ "time": 0.5333 }
				],
				"translate": [
					{ "curve": "stepped" },
					{ "time": 0.5333 }
				],
				"scale": [
					{ "curve": "stepped" },
					{ "time": 0.5333 }
				],
				"shear": [
					{ "curve": "stepped" },
					{ "time": 0.5333 }
				]
			},
			"ear4": {
				"rotate": [
					{ "curve": "stepped" },
					{ "time": 0.5333 }
				],
				"translate": [
					{ "curve": "stepped" },
					{ "time": 0.5333 }
				],
				"scale": [
					{ "curve": "stepped" },
					{ "time": 0.5333 }
				],
				"shear": [
					{ "curve": "stepped" },
					{ "time": 0.5333 }
				]
			},
			"body": {
				"rotate": [
					{ "value": -10.27, "curve": "stepped" },
					{ "time": 0.5333, "value": -10.27 }
				],
				"translate": [
					{
						"y": -58.93,
						"curve": [ 0.089, 0, 0.178, 0, 0.089, -58.93, 0.178, -65.08 ]
					},
					{
						"time": 0.2667,
						"y": -65.08,
						"curve": [ 0.356, 0, 0.444, 0, 0.356, -65.08, 0.444, -58.93 ]
					},
					{ "time": 0.5333, "y": -58.93 }
				],
				"scale": [
					{ "curve": "stepped" },
					{ "time": 0.5333 }
				],
				"shear": [
					{ "curve": "stepped" },
					{ "time": 0.5333 }
				]
			},
			"root": {
				"rotate": [
					{ "curve": "stepped" },
					{ "time": 0.5333 }
				],
				"translate": [
					{ "curve": "stepped" },
					{ "time": 0.5333 }
				],
				"scale": [
					{ "curve": "stepped" },
					{ "time": 0.5333 }
				],
				"shear": [
					{ "curve": "stepped" },
					{ "time": 0.5333 }
				]
			},
			"eyes": {
				"rotate": [
					{ "curve": "stepped" },
					{ "time": 0.0333, "curve": "stepped" },
					{ "time": 0.5333 }
				],
				"translate": [
					{
						"x": -0.1,
						"curve": [ 0.011, -0.04, 0.022, 0, 0.011, 0, 0.022, 0 ]
					},
					{
						"time": 0.0333,
						"curve": [ 0.122, 0, 0.211, -2.14, 0.122, 0, 0.211, 0 ]
					},
					{
						"time": 0.3,
						"x": -2.14,
						"curve": [ 0.378, -2.14, 0.456, -0.51, 0.378, 0, 0.456, 0 ]
					},
					{ "time": 0.5333, "x": -0.1 }
				],
				"scale": [
					{ "curve": "stepped" },
					{ "time": 0.0333, "curve": "stepped" },
					{ "time": 0.5333 }
				],
				"shear": [
					{ "curve": "stepped" },
					{ "time": 0.0333, "curve": "stepped" },
					{ "time": 0.5333 }
				]
			},
			"ear1": {
				"rotate": [
					{
						"value": 26.17,
						"curve": [ 0.038, 23.6, 0.067, 22.28 ]
					},
					{
						"time": 0.1,
						"value": 22.28,
						"curve": [ 0.189, 22.28, 0.276, 31.29 ]
					},
					{
						"time": 0.3667,
						"value": 32.16,
						"curve": [ 0.422, 32.71, 0.478, 29.82 ]
					},
					{ "time": 0.5333, "value": 26.17 }
				],
				"translate": [
					{ "curve": "stepped" },
					{ "time": 0.1, "curve": "stepped" },
					{ "time": 0.5333 }
				],
				"scale": [
					{ "curve": "stepped" },
					{ "time": 0.1, "curve": "stepped" },
					{ "time": 0.5333 }
				],
				"shear": [
					{ "curve": "stepped" },
					{ "time": 0.1, "curve": "stepped" },
					{ "time": 0.5333 }
				]
			},
			"ear2": {
				"rotate": [
					{
						"value": 224.83,
						"curve": [ 0.056, 221.47, 0.111, 216.99 ]
					},
					{
						"time": 0.1667,
						"value": 216.99,
						"curve": [ 0.211, 216.99, 0.256, 220.61 ]
					},
					{
						"time": 0.3,
						"value": 223.28,
						"curve": [ 0.336, 225.42, 0.389, 228.48 ]
					},
					{
						"time": 0.4333,
						"value": 228.48,
						"curve": [ 0.467, 228.48, 0.5, 226.84 ]
					},
					{ "time": 0.5333, "value": 224.83 }
				],
				"translate": [
					{ "x": 1.67, "y": 2.41, "curve": "stepped" },
					{ "time": 0.3, "x": 1.67, "y": 2.41, "curve": "stepped" },
					{ "time": 0.4333, "x": 1.67, "y": 2.41, "curve": "stepped" },
					{ "time": 0.5333, "x": 1.67, "y": 2.41 }
				],
				"scale": [
					{ "x": -1, "y": -1.016, "curve": "stepped" },
					{ "time": 0.5333, "x": -1, "y": -1.016 }
				],
				"shear": [
					{ "curve": "stepped" },
					{ "time": 0.3, "curve": "stepped" },
					{ "time": 0.4333, "curve": "stepped" },
					{ "time": 0.5333 }
				]
			},
			"leg2": {
				"rotate": [
					{
						"value": -172.04,
						"curve": [ 0.023, -170.54, 0.045, -169.43 ]
					},
					{
						"time": 0.0667,
						"value": -169.43,
						"curve": [ 0.156, -169.43, 0.244, -185.73 ]
					},
					{
						"time": 0.3333,
						"value": -185.73,
						"curve": [ 0.4, -185.73, 0.467, -176.6 ]
					},
					{ "time": 0.5333, "value": -172.04 }
				],
				"translate": [
					{ "x": -1.44, "y": -5.72, "curve": "stepped" },
					{ "time": 0.3333, "x": -1.44, "y": -5.72, "curve": "stepped" },
					{ "time": 0.5333, "x": -1.44, "y": -5.72 }
				],
				"scale": [
					{ "x": -1, "curve": "stepped" },
					{ "time": 0.3333, "x": -1, "curve": "stepped" },
					{ "time": 0.5333, "x": -1 }
				],
				"shear": [
					{ "curve": "stepped" },
					{ "time": 0.3333, "curve": "stepped" },
					{ "time": 0.5333 }
				]
			},
			"leg1": {
				"rotate": [
					{
						"value": -37.79,
						"curve": [ 0.034, -33.4, 0.067, -29.8 ]
					},
					{
						"time": 0.1,
						"value": -29.8,
						"curve": [ 0.189, -29.8, 0.278, -54.92 ]
					},
					{
						"time": 0.3667,
						"value": -54.92,
						"curve": [ 0.422, -54.92, 0.478, -45.15 ]
					},
					{ "time": 0.5333, "value": -37.79 }
				],
				"translate": [
					{ "curve": "stepped" },
					{ "time": 0.1, "curve": "stepped" },
					{ "time": 0.5333 }
				],
				"scale": [
					{ "curve": "stepped" },
					{ "time": 0.1, "curve": "stepped" },
					{ "time": 0.5333 }
				],
				"shear": [
					{ "curve": "stepped" },
					{ "time": 0.1, "curve": "stepped" },
					{ "time": 0.5333 }
				]
			},
			"wingR": {
				"rotate": [
					{
						"value": -1.16,
						"curve": [ 0.045, -7.82, 0.089, -14.19 ]
					},
					{
						"time": 0.1333,
						"value": -14.56,
						"curve": [ 0.175, -14.92, 0.207, -18.61 ]
					},
					{
						"time": 0.2333,
						"value": -15.69,
						"curve": [ 0.303, -8.04, 0.336, 12.24 ]
					},
					{
						"time": 0.4,
						"value": 12.24,
						"curve": [ 0.445, 12.24, 0.489, 5.58 ]
					},
					{ "time": 0.5333, "value": -1.16 }
				],
				"translate": [
					{ "curve": "stepped" },
					{ "time": 0.1333, "curve": "stepped" },
					{ "time": 0.5333 }
				],
				"scale": [
					{
						"y": 1.1,
						"curve": [ 0.045, 1, 0.089, 1, 0.045, 1.15, 0.089, 1.2 ]
					},
					{
						"time": 0.1333,
						"y": 1.2,
						"curve": [ 0.222, 1, 0.311, 1, 0.222, 1.2, 0.311, 1 ]
					},
					{
						"time": 0.4,
						"curve": [ 0.445, 1, 0.489, 1, 0.445, 1, 0.489, 1.05 ]
					},
					{ "time": 0.5333, "y": 1.1 }
				],
				"shear": [
					{
						"x": 4.54,
						"y": 4.13,
						"curve": [ 0.011, 3.98, 0.022, 3.36, 0.011, 3.46, 0.022, 2.74 ]
					},
					{
						"time": 0.0333,
						"x": 2.76,
						"y": 2.03,
						"curve": [ 0.078, 0.37, 0.123, -2.05, 0.078, -0.79, 0.123, -3.64 ]
					},
					{
						"time": 0.1667,
						"x": -2.05,
						"y": -3.64,
						"curve": [ 0.256, -2.05, 0.344, 7.57, 0.256, -3.64, 0.344, 7.69 ]
					},
					{
						"time": 0.4333,
						"x": 7.57,
						"y": 7.69,
						"curve": [ 0.467, 7.57, 0.5, 6.23, 0.467, 7.69, 0.5, 6.12 ]
					},
					{ "time": 0.5333, "x": 4.54, "y": 4.13 }
				]
			},
			"wingL": {
				"rotate": [
					{
						"value": 23.72,
						"curve": [ 0.011, 25.49, 0.022, 27.4 ]
					},
					{
						"time": 0.0333,
						"value": 29.3,
						"curve": [ 0.078, 36.76, 0.123, 44.33 ]
					},
					{
						"time": 0.1667,
						"value": 44.33,
						"curve": [ 0.2, 44.33, 0.234, 48.02 ]
					},
					{
						"time": 0.2667,
						"value": 42.7,
						"curve": [ 0.323, 33.9, 0.378, 14.26 ]
					},
					{
						"time": 0.4333,
						"value": 14.26,
						"curve": [ 0.467, 14.26, 0.5, 18.43 ]
					},
					{ "time": 0.5333, "value": 23.72 }
				],
				"translate": [
					{ "x": 3.84, "y": 2.1, "curve": "stepped" },
					{ "time": 0.0333, "x": 3.84, "y": 2.1, "curve": "stepped" },
					{ "time": 0.1667, "x": 3.84, "y": 2.1, "curve": "stepped" },
					{ "time": 0.5333, "x": 3.84, "y": 2.1 }
				],
				"scale": [
					{
						"y": 1.133,
						"curve": [ 0.056, 1, 0.111, 1, 0.056, 1.076, 0.111, 1 ]
					},
					{
						"time": 0.1667,
						"curve": [ 0.256, 1, 0.344, 1, 0.256, 1, 0.344, 1.195 ]
					},
					{
						"time": 0.4333,
						"y": 1.195,
						"curve": [ 0.467, 1, 0.5, 1, 0.467, 1.195, 0.5, 1.168 ]
					},
					{ "time": 0.5333, "y": 1.133 }
				],
				"shear": [
					{
						"x": -5.94,
						"y": -6.96,
						"curve": [ 0.011, -5.66, 0.022, -5.25, 0.011, -6.65, 0.022, -6.19 ]
					},
					{
						"time": 0.0333,
						"x": -4.75,
						"y": -5.64,
						"curve": [ 0.056, -3.76, 0.078, -2.42, 0.056, -4.54, 0.078, -3.05 ]
					},
					{
						"time": 0.1,
						"x": -1.09,
						"y": -1.57,
						"curve": [ 0.145, 1.55, 0.189, 4.21, 0.145, 1.35, 0.189, 4.31 ]
					},
					{
						"time": 0.2333,
						"x": 4.21,
						"y": 4.31,
						"curve": [ 0.322, 4.21, 0.411, -6.39, 0.322, 4.31, 0.411, -7.46 ]
					},
					{
						"time": 0.5,
						"x": -6.39,
						"y": -7.46,
						"curve": [ 0.511, -6.39, 0.522, -6.23, 0.511, -7.46, 0.522, -7.28 ]
					},
					{ "time": 0.5333, "x": -5.94, "y": -6.96 }
				]
			}
		}
	},
	"hang": {
		"slots": {
			"body": {
				"attachment": [
					{ "name": null }
				]
			},
			"ear": {
				"attachment": [
					{ "name": null }
				]
			},
			"ear2": {
				"attachment": [
					{ "name": null }
				]
			},
			"eyes": {
				"attachment": [
					{ "name": null }
				]
			},
			"leg": {
				"attachment": [
					{ "name": null }
				]
			},
			"leg2": {
				"attachment": [
					{ "name": null }
				]
			},
			"mouth": {
				"attachment": [
					{ "name": null }
				]
			},
			"wingL": {
				"attachment": [
					{ "name": null }
				]
			},
			"wingR": {
				"attachment": [
					{ "name": null }
				]
			}
		},
		"bones": {
			"hang": {
				"rotate": [
					{
						"value": -1.16,
						"curve": [ 0.405, -1.16, 0.424, 0.7 ]
					},
					{
						"time": 0.8333,
						"value": 0.7,
						"curve": [ 1.234, 0.7, 1.241, -1.16 ]
					},
					{ "time": 1.6667, "value": -1.16 }
				],
				"translate": [
					{ "x": -180.62, "y": 44.63, "curve": "stepped" },
					{ "time": 1.6667, "x": -180.62, "y": 44.63 }
				],
				"scale": [
					{ "curve": "stepped" },
					{ "time": 1.6667 }
				],
				"shear": [
					{ "curve": "stepped" },
					{ "time": 1.6667 }
				]
			},
			"ear3": {
				"rotate": [
					{
						"value": -4.59,
						"curve": [ 0.045, -4.86, 0.089, -4.87 ]
					},
					{
						"time": 0.1333,
						"value": -4.87,
						"curve": [ 0.411, -4.87, 0.689, 3.83 ]
					},
					{
						"time": 0.9667,
						"value": 3.83,
						"curve": [ 1.078, 3.83, 1.192, -8.03 ]
					},
					{
						"time": 1.3,
						"value": 0.77,
						"curve": [ 1.333, 3.48, 1.367, 8.91 ]
					},
					{
						"time": 1.4,
						"value": 8.91,
						"curve": [ 1.433, 8.91, 1.467, -0.78 ]
					},
					{
						"time": 1.5,
						"value": -1.8,
						"curve": [ 1.556, -3.51, 1.611, -4.25 ]
					},
					{ "time": 1.6667, "value": -4.59 }
				],
				"translate": [
					{ "curve": "stepped" },
					{ "time": 0.1333, "curve": "stepped" },
					{ "time": 1.3, "curve": "stepped" },
					{ "time": 1.5, "curve": "stepped" },
					{ "time": 1.6667 }
				],
				"scale": [
					{ "curve": "stepped" },
					{ "time": 0.1333, "curve": "stepped" },
					{ "time": 1.6667 }
				],
				"shear": [
					{ "curve": "stepped" },
					{ "time": 0.1333, "curve": "stepped" },
					{ "time": 1.6667 }
				]
			},
			"ear4": {
				"rotate": [
					{
						"value": -3.18,
						"curve": [ 0.08, -4.15, 0.156, -4.87 ]
					},
					{
						"time": 0.2333,
						"value": -4.87,
						"curve": [ 0.511, -4.87, 0.789, 3.83 ]
					},
					{
						"time": 1.0667,
						"value": 3.83,
						"curve": [ 1.268, 3.83, 1.469, -0.67 ]
					},
					{ "time": 1.6667, "value": -3.18 }
				],
				"translate": [
					{ "curve": "stepped" },
					{ "time": 0.2333, "curve": "stepped" },
					{ "time": 1.6667 }
				],
				"scale": [
					{ "curve": "stepped" },
					{ "time": 0.2333, "curve": "stepped" },
					{ "time": 1.6667 }
				],
				"shear": [
					{ "curve": "stepped" },
					{ "time": 0.2333, "curve": "stepped" },
					{ "time": 1.6667 }
				]
			}
		}
	},
	"hit": {
		"slots": {
			"ear3": {
				"attachment": [
					{ "name": null },
					{ "time": 0.3667, "name": null }
				]
			},
			"ear4": {
				"attachment": [
					{ "name": null },
					{ "time": 0.3667, "name": null }
				]
			},
			"hang": {
				"attachment": [
					{ "name": null },
					{ "time": 0.3667, "name": null }
				]
			},
			"mouth": {
				"attachment": [
					{ "name": null },
					{ "time": 0.3667, "name": null }
				]
			}
		},
		"bones": {
			"hang": {
				"rotate": [
					{ "curve": "stepped" },
					{ "time": 0.3667 }
				],
				"translate": [
					{ "curve": "stepped" },
					{ "time": 0.3667 }
				],
				"scale": [
					{ "curve": "stepped" },
					{ "time": 0.3667 }
				],
				"shear": [
					{ "curve": "stepped" },
					{ "time": 0.3667 }
				]
			},
			"ear3": {
				"rotate": [
					{ "curve": "stepped" },
					{ "time": 0.3667 }
				],
				"translate": [
					{ "curve": "stepped" },
					{ "time": 0.3667 }
				],
				"scale": [
					{ "curve": "stepped" },
					{ "time": 0.3667 }
				],
				"shear": [
					{ "curve": "stepped" },
					{ "time": 0.3667 }
				]
			},
			"ear4": {
				"rotate": [
					{ "curve": "stepped" },
					{ "time": 0.3667 }
				],
				"translate": [
					{ "curve": "stepped" },
					{ "time": 0.3667 }
				],
				"scale": [
					{ "curve": "stepped" },
					{ "time": 0.3667 }
				],
				"shear": [
					{ "curve": "stepped" },
					{ "time": 0.3667 }
				]
			},
			"mouth": {
				"rotate": [
					{ "curve": "stepped" },
					{ "time": 0.3667 }
				],
				"translate": [
					{ "curve": "stepped" },
					{ "time": 0.3667 }
				],
				"scale": [
					{ "curve": "stepped" },
					{ "time": 0.3667 }
				],
				"shear": [
					{ "curve": "stepped" },
					{ "time": 0.3667 }
				]
			},
			"body": {
				"rotate": [
					{
						"curve": [ 0.011, 0, 0.056, 16.48 ]
					},
					{
						"time": 0.0667,
						"value": 16.48,
						"curve": [ 0.1, 16.48, 0.2, -4.67 ]
					},
					{
						"time": 0.2333,
						"value": -4.67,
						"curve": [ 0.278, -4.67, 0.322, 0 ]
					},
					{ "time": 0.3667 }
				],
				"translate": [
					{
						"y": -58.93,
						"curve": [ 0.011, 0, 0.022, -19.67, 0.011, -58.93, 0.022, -58.93 ]
					},
					{
						"time": 0.0333,
						"x": -19.67,
						"y": -58.93,
						"curve": [ 0.067, -19.67, 0.133, -2.19, 0.067, -58.93, 0.133, -58.93 ]
					},
					{
						"time": 0.1667,
						"x": -1.25,
						"y": -58.93,
						"curve": [ 0.211, 0, 0.3, 0, 0.211, -58.93, 0.3, -58.93 ]
					},
					{ "time": 0.3667, "y": -58.93 }
				],
				"scale": [
					{ "curve": "stepped" },
					{ "time": 0.3667 }
				],
				"shear": [
					{ "curve": "stepped" },
					{ "time": 0.3667 }
				]
			},
			"root": {
				"rotate": [
					{}
				],
				"translate": [
					{}
				],
				"scale": [
					{}
				],
				"shear": [
					{}
				]
			},
			"eyes": {
				"rotate": [
					{ "curve": "stepped" },
					{ "time": 0.2667, "curve": "stepped" },
					{ "time": 0.3667 }
				],
				"translate": [
					{
						"x": -0.1,
						"curve": [ 0.011, -0.1, 0.022, -1.17, 0.011, 0, 0.022, -7.4 ]
					},
					{
						"time": 0.0333,
						"x": -1.17,
						"y": -7.4,
						"curve": [ 0.067, -1.17, 0.1, 1.05, 0.067, -7.4, 0.1, 7.39 ]
					},
					{
						"time": 0.1333,
						"x": 1.05,
						"y": 7.39,
						"curve": [ 0.211, 1.05, 0.189, 0.04, 0.211, 7.39, 0.189, -2.04 ]
					},
					{
						"time": 0.2667,
						"x": 0.04,
						"y": -2.04,
						"curve": [ 0.311, 0.04, 0.339, -0.24, 0.311, -2.04, 0.333, 0 ]
					},
					{ "time": 0.3667, "x": -0.1 }
				],
				"scale": [
					{ "curve": "stepped" },
					{ "time": 0.2667, "curve": "stepped" },
					{ "time": 0.3667 }
				],
				"shear": [
					{ "curve": "stepped" },
					{ "time": 0.2667, "curve": "stepped" },
					{ "time": 0.3667 }
				]
			},
			"ear1": {
				"rotate": [
					{
						"value": 0.33,
						"curve": [ 0.011, 0.33, 0.022, -56.33 ]
					},
					{
						"time": 0.0333,
						"value": -56.33,
						"curve": [ 0.045, -56.33, 0.056, -72.51 ]
					},
					{
						"time": 0.0667,
						"value": -57.87,
						"curve": [ 0.089, -29.02, 0.145, 41.05 ]
					},
					{
						"time": 0.1667,
						"value": 41.05,
						"curve": [ 0.211, 41.05, 0.256, -17.33 ]
					},
					{
						"time": 0.3,
						"value": -17.33,
						"curve": [ 0.333, -17.33, 0.344, 1.84 ]
					},
					{ "time": 0.3667, "value": 0.33 }
				],
				"translate": [
					{
						"curve": [ 0.011, 0, 0.023, 2.3, 0.011, 0, 0.023, -3.08 ]
					},
					{
						"time": 0.0333,
						"x": 2.3,
						"y": -3.08,
						"curve": [ 0.111, 2.3, 0.222, 0, 0.111, -3.08, 0.222, 0 ]
					},
					{ "time": 0.3, "curve": "stepped" },
					{ "time": 0.3667 }
				],
				"scale": [
					{ "curve": "stepped" },
					{ "time": 0.3, "curve": "stepped" },
					{ "time": 0.3667 }
				],
				"shear": [
					{ "curve": "stepped" },
					{ "time": 0.3, "curve": "stepped" },
					{ "time": 0.3667 }
				]
			},
			"ear2": {
				"rotate": [
					{
						"value": -0.25,
						"curve": [ 0.011, -0.25, 0.022, -34.11 ]
					},
					{
						"time": 0.0333,
						"value": -34.11,
						"curve": [ 0.067, -34.11, 0.1, 54.27 ]
					},
					{
						"time": 0.1333,
						"value": 54.27,
						"curve": [ 0.178, 54.27, 0.222, -17.91 ]
					},
					{
						"time": 0.2667,
						"value": -17.91,
						"curve": [ 0.3, -17.91, 0.333, -2.26 ]
					},
					{ "time": 0.3667, "value": -0.25 }
				],
				"translate": [
					{ "curve": "stepped" },
					{ "time": 0.2667, "curve": "stepped" },
					{ "time": 0.3667 }
				],
				"scale": [
					{ "curve": "stepped" },
					{ "time": 0.2667, "curve": "stepped" },
					{ "time": 0.3667 }
				],
				"shear": [
					{ "curve": "stepped" },
					{ "time": 0.2667, "curve": "stepped" },
					{ "time": 0.3667 }
				]
			},
			"leg2": {
				"rotate": [
					{
						"value": -6.85,
						"curve": [ 0.011, -6.85, 0.022, 29.49 ]
					},
					{
						"time": 0.0333,
						"value": 29.49,
						"curve": [ 0.078, 29.49, 0.089, -25.08 ]
					},
					{ "time": 0.1333, "value": -25.08 },
					{ "time": 0.3, "value": -2.86 },
					{ "time": 0.3667, "value": -6.85 }
				],
				"translate": [
					{ "curve": "stepped" },
					{
						"time": 0.0333,
						"curve": [ 0.078, 0, 0.089, 1.78, 0.078, 0, 0.089, 0.07 ]
					},
					{ "time": 0.1333, "x": 1.78, "y": 0.07 },
					{ "time": 0.3667 }
				],
				"scale": [
					{ "curve": "stepped" },
					{ "time": 0.3667 }
				],
				"shear": [
					{ "curve": "stepped" },
					{ "time": 0.3667 }
				]
			},
			"leg1": {
				"rotate": [
					{
						"value": 5.5,
						"curve": [ 0.011, 5.5, 0.022, 33.29 ]
					},
					{
						"time": 0.0333,
						"value": 33.29,
						"curve": [ 0.078, 33.29, 0.089, -40.88 ]
					},
					{
						"time": 0.1333,
						"value": -40.88,
						"curve": [ 0.189, -40.88, 0.178, -14.82 ]
					},
					{
						"time": 0.2333,
						"value": -1.94,
						"curve": [ 0.256, 3.22, 0.322, -0.3 ]
					},
					{ "time": 0.3667, "value": 5.5 }
				],
				"translate": [
					{ "curve": "stepped" },
					{
						"time": 0.0333,
						"curve": [ 0.078, 0, 0.089, 0, 0.078, 0, 0.089, 0 ]
					},
					{
						"time": 0.1333,
						"curve": [ 0.2, 0, 0.289, 0, 0.2, 0, 0.289, 0 ]
					},
					{ "time": 0.3667 }
				],
				"scale": [
					{ "curve": "stepped" },
					{ "time": 0.3667 }
				],
				"shear": [
					{ "curve": "stepped" },
					{ "time": 0.3667 }
				]
			},
			"wingR": {
				"rotate": [
					{
						"value": -1.16,
						"curve": [ 0.011, -1.16, 0.022, 19.71 ]
					},
					{
						"time": 0.0333,
						"value": 19.71,
						"curve": [ 0.067, 19.71, 0.1, -17.01 ]
					},
					{
						"time": 0.1333,
						"value": -19.41,
						"curve": [ 0.167, -21.81, 0.289, 10.33 ]
					},
					{ "time": 0.3667, "value": -1.16 }
				],
				"translate": [
					{ "curve": "stepped" },
					{ "time": 0.3667 }
				],
				"scale": [
					{ "curve": "stepped" },
					{ "time": 0.3667 }
				],
				"shear": [
					{
						"x": 4.54,
						"y": 4.13,
						"curve": [ 0.122, 4.54, 0.244, 10.62, 0.122, 4.13, 0.244, 11.29 ]
					},
					{ "time": 0.3667, "x": 4.54, "y": 4.13 }
				]
			},
			"wingL": {
				"rotate": [
					{
						"value": 1.28,
						"curve": [ 0.011, 1.28, 0.022, -13.37 ]
					},
					{
						"time": 0.0333,
						"value": -21.12,
						"curve": [ 0.044, -28.87, 0.056, -45.22 ]
					},
					{
						"time": 0.0667,
						"value": -45.22,
						"curve": [ 0.1, -45.22, 0.167, 33.5 ]
					},
					{
						"time": 0.2,
						"value": 33.5,
						"curve": [ 0.267, 33.5, 0.311, -7.36 ]
					},
					{ "time": 0.3667, "value": 1.28 }
				],
				"translate": [
					{ "curve": "stepped" },
					{ "time": 0.3667 }
				],
				"scale": [
					{ "curve": "stepped" },
					{ "time": 0.3667 }
				],
				"shear": [
					{
						"x": -5.94,
						"y": -6.96,
						"curve": [ 0.122, -5.94, 0.244, -9.03, 0.122, -6.96, 0.244, -10.39 ]
					},
					{ "time": 0.3667, "x": -5.94, "y": -6.96 }
				]
			},
			"CHR_root": {
				"rotate": [
					{ "curve": "stepped" },
					{ "time": 0.3667 }
				],
				"translate": [
					{ "curve": "stepped" },
					{ "time": 0.3667 }
				],
				"scale": [
					{ "curve": "stepped" },
					{ "time": 0.3667 }
				],
				"shear": [
					{ "curve": "stepped" },
					{ "time": 0.3667 }
				]
			}
		}
	},
	"idle": {
		"slots": {
			"ear3": {
				"attachment": [
					{ "name": null },
					{ "time": 0.5333, "name": null }
				]
			},
			"ear4": {
				"attachment": [
					{ "name": null },
					{ "time": 0.5333, "name": null }
				]
			},
			"hang": {
				"attachment": [
					{ "name": null },
					{ "time": 0.5333, "name": null }
				]
			},
			"mouth": {
				"attachment": [
					{ "name": null }
				]
			}
		},
		"bones": {
			"hang": {
				"rotate": [
					{ "curve": "stepped" },
					{ "time": 0.5333 }
				],
				"translate": [
					{ "curve": "stepped" },
					{ "time": 0.5333 }
				],
				"scale": [
					{ "curve": "stepped" },
					{ "time": 0.5333 }
				],
				"shear": [
					{ "curve": "stepped" },
					{ "time": 0.5333 }
				]
			},
			"ear3": {
				"rotate": [
					{ "curve": "stepped" },
					{ "time": 0.5333 }
				],
				"translate": [
					{ "curve": "stepped" },
					{ "time": 0.5333 }
				],
				"scale": [
					{ "curve": "stepped" },
					{ "time": 0.5333 }
				],
				"shear": [
					{ "curve": "stepped" },
					{ "time": 0.5333 }
				]
			},
			"ear4": {
				"rotate": [
					{ "curve": "stepped" },
					{ "time": 0.5333 }
				],
				"translate": [
					{ "curve": "stepped" },
					{ "time": 0.5333 }
				],
				"scale": [
					{ "curve": "stepped" },
					{ "time": 0.5333 }
				],
				"shear": [
					{ "curve": "stepped" },
					{ "time": 0.5333 }
				]
			},
			"body": {
				"rotate": [
					{ "curve": "stepped" },
					{ "time": 0.5333 }
				],
				"translate": [
					{
						"y": -58.93,
						"curve": [ 0.089, 0, 0.178, 0, 0.089, -58.93, 0.178, -65.08 ]
					},
					{
						"time": 0.2667,
						"y": -65.08,
						"curve": [ 0.356, 0, 0.444, 0, 0.356, -65.08, 0.444, -58.93 ]
					},
					{ "time": 0.5333, "y": -58.93 }
				],
				"scale": [
					{ "curve": "stepped" },
					{ "time": 0.5333 }
				],
				"shear": [
					{ "curve": "stepped" },
					{ "time": 0.5333 }
				]
			},
			"root": {
				"rotate": [
					{ "curve": "stepped" },
					{ "time": 0.5333 }
				],
				"translate": [
					{ "curve": "stepped" },
					{ "time": 0.5333 }
				],
				"scale": [
					{ "curve": "stepped" },
					{ "time": 0.5333 }
				],
				"shear": [
					{ "curve": "stepped" },
					{ "time": 0.5333 }
				]
			},
			"eyes": {
				"rotate": [
					{ "curve": "stepped" },
					{ "time": 0.0333, "curve": "stepped" },
					{ "time": 0.5333 }
				],
				"translate": [
					{
						"x": -0.1,
						"curve": [ 0.011, -0.04, 0.022, 0, 0.011, 0, 0.022, 0 ]
					},
					{
						"time": 0.0333,
						"curve": [ 0.122, 0, 0.211, -2.14, 0.122, 0, 0.211, 0 ]
					},
					{
						"time": 0.3,
						"x": -2.14,
						"curve": [ 0.378, -2.14, 0.456, -0.51, 0.378, 0, 0.456, 0 ]
					},
					{ "time": 0.5333, "x": -0.1 }
				],
				"scale": [
					{ "curve": "stepped" },
					{ "time": 0.0333, "curve": "stepped" },
					{ "time": 0.5333 }
				],
				"shear": [
					{ "curve": "stepped" },
					{ "time": 0.0333, "curve": "stepped" },
					{ "time": 0.5333 }
				]
			},
			"ear1": {
				"rotate": [
					{
						"value": 0.33,
						"curve": [ 0.038, -2.24, 0.067, -3.57 ]
					},
					{
						"time": 0.1,
						"value": -3.57,
						"curve": [ 0.189, -3.57, 0.276, 5.44 ]
					},
					{
						"time": 0.3667,
						"value": 6.32,
						"curve": [ 0.422, 6.86, 0.478, 3.98 ]
					},
					{ "time": 0.5333, "value": 0.33 }
				],
				"translate": [
					{ "curve": "stepped" },
					{ "time": 0.1, "curve": "stepped" },
					{ "time": 0.5333 }
				],
				"scale": [
					{ "curve": "stepped" },
					{ "time": 0.1, "curve": "stepped" },
					{ "time": 0.5333 }
				],
				"shear": [
					{ "curve": "stepped" },
					{ "time": 0.1, "curve": "stepped" },
					{ "time": 0.5333 }
				]
			},
			"ear2": {
				"rotate": [
					{
						"value": -0.25,
						"curve": [ 0.036, 1.88, 0.089, 4.95 ]
					},
					{
						"time": 0.1333,
						"value": 4.95,
						"curve": [ 0.222, 4.95, 0.311, -6.54 ]
					},
					{
						"time": 0.4,
						"value": -6.54,
						"curve": [ 0.445, -6.54, 0.489, -4.84 ]
					},
					{ "time": 0.5333, "value": -0.25 }
				],
				"translate": [
					{ "curve": "stepped" },
					{ "time": 0.1333, "curve": "stepped" },
					{ "time": 0.5333 }
				],
				"scale": [
					{ "curve": "stepped" },
					{ "time": 0.1333, "curve": "stepped" },
					{ "time": 0.5333 }
				],
				"shear": [
					{ "curve": "stepped" },
					{ "time": 0.1333, "curve": "stepped" },
					{ "time": 0.5333 }
				]
			},
			"leg2": {
				"rotate": [
					{
						"value": -6.85,
						"curve": [ 0.045, -9.38, 0.089, -11.95 ]
					},
					{
						"time": 0.1333,
						"value": -11.95,
						"curve": [ 0.222, -11.95, 0.311, -1.75 ]
					},
					{
						"time": 0.4,
						"value": -1.75,
						"curve": [ 0.445, -1.75, 0.489, -4.28 ]
					},
					{ "time": 0.5333, "value": -6.85 }
				],
				"translate": [
					{ "curve": "stepped" },
					{ "time": 0.1333, "curve": "stepped" },
					{ "time": 0.5333 }
				],
				"scale": [
					{ "curve": "stepped" },
					{ "time": 0.1333, "curve": "stepped" },
					{ "time": 0.5333 }
				],
				"shear": [
					{ "curve": "stepped" },
					{ "time": 0.1333, "curve": "stepped" },
					{ "time": 0.5333 }
				]
			},
			"leg1": {
				"rotate": [
					{
						"value": 5.5,
						"curve": [ 0.034, 9.89, 0.067, 13.49 ]
					},
					{
						"time": 0.1,
						"value": 13.49,
						"curve": [ 0.189, 13.49, 0.278, -11.63 ]
					},
					{
						"time": 0.3667,
						"value": -11.63,
						"curve": [ 0.422, -11.63, 0.478, -1.86 ]
					},
					{ "time": 0.5333, "value": 5.5 }
				],
				"translate": [
					{ "curve": "stepped" },
					{ "time": 0.1, "curve": "stepped" },
					{ "time": 0.5333 }
				],
				"scale": [
					{ "curve": "stepped" },
					{ "time": 0.1, "curve": "stepped" },
					{ "time": 0.5333 }
				],
				"shear": [
					{ "curve": "stepped" },
					{ "time": 0.1, "curve": "stepped" },
					{ "time": 0.5333 }
				]
			},
			"wingR": {
				"rotate": [
					{
						"value": -1.16,
						"curve": [ 0.045, -7.82, 0.089, -14.19 ]
					},
					{
						"time": 0.1333,
						"value": -14.56,
						"curve": [ 0.175, -14.92, 0.207, -18.61 ]
					},
					{
						"time": 0.2333,
						"value": -15.69,
						"curve": [ 0.303, -8.04, 0.336, 12.24 ]
					},
					{
						"time": 0.4,
						"value": 12.24,
						"curve": [ 0.445, 12.24, 0.489, 5.58 ]
					},
					{ "time": 0.5333, "value": -1.16 }
				],
				"translate": [
					{ "curve": "stepped" },
					{ "time": 0.1333, "curve": "stepped" },
					{ "time": 0.5333 }
				],
				"scale": [
					{ "curve": "stepped" },
					{ "time": 0.1333, "curve": "stepped" },
					{ "time": 0.5333 }
				],
				"shear": [
					{
						"x": 4.54,
						"y": 4.13,
						"curve": [ 0.011, 3.98, 0.022, 3.36, 0.011, 3.46, 0.022, 2.74 ]
					},
					{
						"time": 0.0333,
						"x": 2.76,
						"y": 2.03,
						"curve": [ 0.078, 0.37, 0.123, -2.05, 0.078, -0.79, 0.123, -3.64 ]
					},
					{
						"time": 0.1667,
						"x": -2.05,
						"y": -3.64,
						"curve": [ 0.256, -2.05, 0.344, 7.57, 0.256, -3.64, 0.344, 7.69 ]
					},
					{
						"time": 0.4333,
						"x": 7.57,
						"y": 7.69,
						"curve": [ 0.467, 7.57, 0.5, 6.23, 0.467, 7.69, 0.5, 6.12 ]
					},
					{ "time": 0.5333, "x": 4.54, "y": 4.13 }
				]
			},
			"wingL": {
				"rotate": [
					{
						"value": 1.28,
						"curve": [ 0.011, 3.04, 0.022, 4.96 ]
					},
					{
						"time": 0.0333,
						"value": 6.85,
						"curve": [ 0.078, 14.32, 0.123, 21.89 ]
					},
					{
						"time": 0.1667,
						"value": 21.89,
						"curve": [ 0.2, 21.89, 0.234, 25.58 ]
					},
					{
						"time": 0.2667,
						"value": 20.26,
						"curve": [ 0.323, 11.45, 0.378, -8.18 ]
					},
					{
						"time": 0.4333,
						"value": -8.18,
						"curve": [ 0.467, -8.18, 0.5, -4.01 ]
					},
					{ "time": 0.5333, "value": 1.28 }
				],
				"translate": [
					{ "curve": "stepped" },
					{ "time": 0.0333, "curve": "stepped" },
					{ "time": 0.1667, "curve": "stepped" },
					{ "time": 0.5333 }
				],
				"scale": [
					{ "curve": "stepped" },
					{ "time": 0.0333, "curve": "stepped" },
					{ "time": 0.1667, "curve": "stepped" },
					{ "time": 0.5333 }
				],
				"shear": [
					{
						"x": -5.94,
						"y": -6.96,
						"curve": [ 0.011, -5.66, 0.022, -5.25, 0.011, -6.65, 0.022, -6.19 ]
					},
					{
						"time": 0.0333,
						"x": -4.75,
						"y": -5.64,
						"curve": [ 0.056, -3.76, 0.078, -2.42, 0.056, -4.54, 0.078, -3.05 ]
					},
					{
						"time": 0.1,
						"x": -1.09,
						"y": -1.57,
						"curve": [ 0.145, 1.55, 0.189, 4.21, 0.145, 1.35, 0.189, 4.31 ]
					},
					{
						"time": 0.2333,
						"x": 4.21,
						"y": 4.31,
						"curve": [ 0.322, 4.21, 0.411, -6.39, 0.322, 4.31, 0.411, -7.46 ]
					},
					{
						"time": 0.5,
						"x": -6.39,
						"y": -7.46,
						"curve": [ 0.511, -6.39, 0.522, -6.23, 0.511, -7.46, 0.522, -7.28 ]
					},
					{ "time": 0.5333, "x": -5.94, "y": -6.96 }
				]
			}
		}
	}
}
}